genotype,days_to_heading_BLUE,plant_height_BLUE,plant_density_BLUE,thousand_kernel_weight_BLUE,dry_matter_yield_BLUE,powdery_mildew_BLUE
CGF 7068,NA,NA,NA,NA,NA,NA
CGF 7147,NA,NA,NA,NA,NA,NA
CGF 7181,NA,NA,NA,NA,NA,NA
CGF-1007,NA,NA,NA,NA,NA,NA
CGF-1010,NA,NA,NA,NA,NA,NA
CGF-1017,141.34,103.78,NA,NA,NA,1.97
CGF-1020,NA,NA,NA,NA,NA,NA
CGF-1056,NA,NA,NA,NA,NA,NA
CGF-1082,NA,NA,NA,NA,NA,NA
CGF-111,NA,NA,NA,NA,NA,NA
CGF-1136,NA,NA,NA,NA,NA,NA
CGF-1152,NA,NA,NA,NA,NA,NA
CGF-1159,NA,NA,NA,NA,NA,NA
CGF-1161,NA,NA,NA,NA,NA,NA
CGF-1167,NA,NA,NA,NA,NA,NA
CGF-1176,139.34,114.28,NA,NA,NA,2.47
CGF-1177,NA,NA,NA,NA,NA,NA
CGF-118,NA,NA,NA,NA,NA,NA
CGF-1185,NA,NA,NA,NA,NA,NA
CGF-1187,NA,NA,NA,NA,NA,NA
CGF-1188,136.34,122.28,NA,NA,NA,2.47
CGF-1189,NA,NA,NA,NA,NA,NA
CGF-1197,NA,NA,NA,NA,NA,NA
CGF-1200,135.34,97.28,NA,NA,NA,5.47
CGF-1201,NA,NA,NA,NA,NA,NA
CGF-1202,NA,NA,NA,NA,NA,NA
CGF-1203,140.84,105.78,NA,NA,NA,1.97
CGF-1218,NA,NA,NA,NA,NA,NA
CGF-1244,NA,NA,NA,NA,NA,NA
CGF-1246,NA,NA,NA,NA,NA,NA
CGF-1248,NA,NA,NA,NA,NA,NA
CGF-1258,NA,NA,NA,NA,NA,NA
CGF-1264,NA,NA,NA,NA,NA,NA
CGF-1266,NA,NA,NA,NA,NA,NA
CGF-1273,NA,NA,NA,NA,NA,NA
CGF-1278,NA,NA,NA,NA,NA,NA
CGF-131,NA,NA,NA,NA,NA,NA
CGF-1316,NA,NA,NA,NA,NA,NA
CGF-1365,NA,NA,NA,NA,NA,NA
CGF-1421,NA,114.78,NA,NA,NA,1.97
CGF-149,142.13,104.02,NA,NA,4317.45,0.88
CGF-153,NA,NA,NA,NA,NA,NA
CGF-154,NA,NA,NA,NA,NA,NA
CGF-1546,137.37,97.9,NA,NA,NA,2.47
CGF-1581,NA,NA,NA,NA,NA,NA
CGF-1585,NA,NA,NA,NA,NA,NA
CGF-1591,NA,NA,NA,NA,NA,NA
CGF-1595,137.84,109.28,NA,NA,NA,5.97
CGF-160,NA,NA,NA,NA,NA,NA
CGF-1602,NA,NA,NA,NA,NA,NA
CGF-1608,NA,NA,NA,NA,NA,NA
CGF-1616,140.84,104.78,NA,NA,NA,NA
CGF-1619,NA,NA,NA,NA,NA,NA
CGF-1621,136.34,98.78,NA,NA,NA,1.97
CGF-164,NA,NA,NA,NA,NA,NA
CGF-1772,NA,NA,NA,NA,NA,NA
CGF-1786,NA,NA,NA,NA,NA,NA
CGF-1801,NA,NA,NA,NA,NA,NA
CGF-1819,NA,NA,NA,NA,NA,NA
CGF-182,NA,NA,NA,NA,NA,NA
CGF-183,133.34,104.28,NA,NA,NA,2.47
CGF-1865,NA,NA,NA,NA,NA,NA
CGF-1883,NA,NA,NA,NA,NA,NA
CGF-1887,NA,NA,NA,NA,NA,NA
CGF-189,NA,NA,NA,NA,NA,NA
CGF-190,NA,NA,NA,NA,NA,NA
CGF-196,NA,NA,NA,NA,NA,NA
CGF-2021,NA,NA,NA,NA,NA,NA
CGF-2103,NA,NA,NA,NA,NA,NA
CGF-2116,NA,NA,NA,NA,NA,NA
CGF-2117,NA,NA,NA,NA,NA,NA
CGF-2119,NA,NA,NA,NA,NA,NA
CGF-2130,NA,NA,NA,NA,NA,NA
CGF-2168,134.17,114.08,NA,NA,3401.43,3.58
CGF-2184,NA,NA,NA,NA,NA,NA
CGF-219,135.34,99.78,NA,NA,NA,4.47
CGF-224,141.25,106.15,590.73,43,4951.95,2.78
CGF-225,NA,NA,NA,NA,NA,NA
CGF-226,NA,NA,NA,NA,NA,NA
CGF-232,NA,NA,NA,NA,NA,NA
CGF-2399,NA,NA,NA,NA,NA,NA
CGF-2400,NA,NA,NA,NA,NA,NA
CGF-2403,NA,110.78,NA,NA,NA,1.97
CGF-2404,NA,NA,NA,NA,NA,NA
CGF-2405,NA,NA,NA,NA,NA,NA
CGF-2406,NA,NA,NA,NA,NA,NA
CGF-2433,135.84,84.28,NA,NA,NA,1.97
CGF-2439,NA,NA,NA,NA,NA,NA
CGF-2440,NA,NA,NA,NA,NA,NA
CGF-2454,NA,NA,NA,NA,NA,NA
CGF-2461,NA,90.28,NA,NA,NA,1.97
CGF-2464,134.84,89.78,NA,NA,NA,3.97
CGF-2465,NA,NA,NA,NA,NA,NA
CGF-2532,NA,NA,NA,NA,NA,NA
CGF-2533,NA,NA,NA,NA,NA,NA
CGF-2539,NA,NA,NA,NA,NA,NA
CGF-2541,NA,NA,NA,NA,NA,NA
CGF-2550,NA,NA,NA,NA,NA,NA
CGF-2575,NA,NA,NA,NA,NA,NA
CGF-258,NA,NA,NA,NA,NA,NA
CGF-2609,136.9,97.05,NA,NA,6108.42,1.73
CGF-261,150.42,74.52,619.54,38.53,NA,1.72
CGF-2610,139.35,93.82,NA,NA,5621.95,2.85
CGF-2611,138.63,91.61,578.35,41.36,5754.1,3.58
CGF-2612,139.23,96.77,NA,NA,5881.95,2.91
CGF-2613,138.05,103.17,601.72,42.37,5155.06,3.55
CGF-2615,138.35,95.35,567.65,44.01,5471.95,3.63
CGF-2616,142.19,104.43,NA,38.1,5391.95,3.5
CGF-2617,142.33,99.9,NA,NA,5191.95,3.6
CGF-2619,NA,NA,NA,NA,NA,NA
CGF-262,NA,NA,NA,NA,NA,NA
CGF-2622,NA,NA,NA,NA,NA,NA
CGF-2624,NA,NA,NA,NA,NA,NA
CGF-2625,NA,NA,NA,NA,NA,NA
CGF-2626,139.03,102.08,NA,NA,NA,1.07
CGF-263,NA,NA,NA,NA,NA,NA
CGF-2630,139.93,107.67,NA,NA,5329.9,1.8
CGF-2633,137.34,104.78,NA,NA,NA,1.97
CGF-2634,NA,NA,NA,NA,NA,NA
CGF-2636,NA,NA,NA,NA,NA,NA
CGF-266,NA,NA,NA,NA,NA,NA
CGF-267,NA,NA,NA,NA,NA,NA
CGF-268,NA,NA,NA,NA,NA,NA
CGF-2705,NA,NA,NA,NA,NA,NA
CGF-272,NA,NA,NA,NA,NA,NA
CGF-274,NA,NA,NA,NA,NA,NA
CGF-277,NA,NA,NA,NA,NA,NA
CGF-278,136.17,107.76,NA,NA,4991.95,1.85
CGF-282,NA,NA,NA,NA,NA,NA
CGF-283,NA,NA,NA,NA,NA,NA
CGF-2842,139.84,105.28,NA,NA,NA,1.97
CGF-2867,NA,NA,NA,NA,NA,NA
CGF-2872,NA,NA,NA,NA,NA,NA
CGF-2873,NA,NA,NA,NA,NA,NA
CGF-2874,NA,NA,NA,NA,NA,NA
CGF-2877,NA,NA,NA,NA,NA,NA
CGF-2878,NA,NA,NA,NA,NA,NA
CGF-2880,NA,NA,NA,NA,NA,NA
CGF-2887,NA,NA,NA,NA,NA,NA
CGF-2889,NA,NA,NA,NA,NA,NA
CGF-2912,NA,NA,NA,NA,NA,NA
CGF-2921,142.14,107.68,NA,NA,NA,1.82
CGF-2925,141.34,100.78,NA,NA,NA,2.97
CGF-2926,139.34,105.28,NA,NA,NA,3.47
CGF-2927,NA,NA,NA,NA,NA,NA
CGF-2928,NA,NA,NA,NA,NA,NA
CGF-2929,139.34,107.28,NA,NA,NA,2.47
CGF-2931,NA,NA,NA,NA,NA,NA
CGF-2938,NA,NA,NA,NA,NA,NA
CGF-3023,NA,NA,NA,NA,NA,NA
CGF-3068,138.2,104.55,NA,NA,NA,NA
CGF-3071,136.34,99.28,NA,NA,NA,2.97
CGF-308,NA,NA,NA,NA,NA,NA
CGF-3098,140.55,96.36,650.01,43.02,5730.86,1.26
CGF-3114,NA,NA,NA,NA,NA,NA
CGF-3115,NA,NA,NA,NA,NA,NA
CGF-3194,NA,NA,NA,NA,NA,NA
CGF-3199,NA,NA,NA,NA,NA,NA
CGF-326,141.84,104.78,NA,NA,NA,2.97
CGF-328,NA,NA,NA,NA,NA,NA
CGF-3376,NA,NA,NA,NA,NA,NA
CGF-344,141.34,102.28,NA,NA,NA,NA
CGF-347,NA,NA,NA,NA,NA,NA
CGF-361,NA,NA,NA,NA,NA,NA
CGF-368,146.5,99.87,NA,NA,NA,1.16
CGF-375,135.31,113.5,NA,NA,4501.95,3.09
CGF-4501,NA,NA,NA,NA,NA,NA
CGF-4506,NA,NA,NA,NA,NA,NA
CGF-4513,NA,NA,NA,NA,NA,NA
CGF-4535,NA,NA,NA,NA,NA,NA
CGF-4564,NA,NA,NA,NA,NA,NA
CGF-4567,NA,NA,NA,NA,NA,NA
CGF-4576,NA,NA,NA,NA,NA,NA
CGF-4590,NA,NA,NA,NA,NA,NA
CGF-4870,158.58,89.1,597.98,39.85,6135.55,2
CGF-4882,NA,NA,NA,NA,NA,NA
CGF-4883,NA,NA,NA,NA,NA,NA
CGF-4884,NA,NA,NA,NA,NA,NA
CGF-49,NA,NA,NA,NA,NA,NA
CGF-4901,NA,NA,NA,NA,NA,NA
CGF-4903,139.33,95.31,NA,NA,NA,1.33
CGF-4908,138.68,93.16,619.38,NA,4045.88,1.01
CGF-4909,NA,NA,NA,NA,NA,NA
CGF-4910,NA,NA,NA,NA,NA,NA
CGF-4911,NA,NA,NA,NA,NA,NA
CGF-4912,NA,NA,NA,NA,NA,NA
CGF-4913,NA,NA,NA,NA,NA,NA
CGF-4914,139.34,98.28,NA,NA,NA,1.97
CGF-4915,145.78,95.25,NA,NA,3188.97,1.52
CGF-4942,137.09,93.86,NA,NA,NA,NA
CGF-4946,NA,NA,NA,NA,NA,NA
CGF-4957,139.34,108.28,NA,NA,NA,2.47
CGF-4963,NA,NA,NA,NA,NA,NA
CGF-50,NA,NA,NA,NA,NA,NA
CGF-51,NA,NA,NA,NA,NA,NA
CGF-52,NA,NA,NA,NA,NA,NA
CGF-555,139.34,107.78,NA,NA,NA,2.97
CGF-566,NA,NA,NA,NA,NA,NA
CGF-568,NA,NA,NA,NA,NA,NA
CGF-569,NA,NA,NA,NA,NA,NA
CGF-576,NA,NA,NA,NA,NA,NA
CGF-578,NA,NA,NA,NA,NA,NA
CGF-580,NA,NA,NA,NA,NA,NA
CGF-5816,134.5,NA,NA,NA,NA,1.2
CGF-5817,NA,NA,NA,NA,NA,NA
CGF-5822,NA,NA,NA,NA,NA,NA
CGF-586,NA,NA,NA,NA,NA,NA
CGF-593,NA,NA,NA,NA,NA,NA
CGF-595,NA,NA,NA,NA,NA,NA
CGF-596,NA,NA,NA,NA,NA,NA
CGF-5976,NA,NA,NA,NA,NA,NA
CGF-5983,NA,NA,NA,NA,NA,NA
CGF-5985,NA,NA,NA,NA,NA,NA
CGF-5986,NA,NA,NA,NA,NA,NA
CGF-599,NA,NA,NA,NA,NA,NA
CGF-5990,NA,NA,NA,NA,NA,NA
CGF-6002,NA,NA,NA,NA,NA,NA
CGF-6003,NA,NA,NA,NA,NA,NA
CGF-6005,NA,NA,NA,NA,NA,NA
CGF-6006,NA,NA,NA,NA,NA,NA
CGF-6007,NA,NA,NA,NA,NA,NA
CGF-6008,NA,NA,NA,NA,NA,NA
CGF-601,NA,NA,NA,NA,NA,NA
CGF-6010,NA,NA,NA,NA,NA,NA
CGF-6024,NA,NA,NA,NA,NA,NA
CGF-6031,NA,NA,NA,NA,NA,NA
CGF-6040,NA,NA,NA,NA,NA,NA
CGF-6041,NA,NA,NA,NA,NA,NA
CGF-6043,NA,NA,NA,NA,NA,NA
CGF-6044,NA,NA,NA,NA,NA,NA
CGF-6046,NA,NA,NA,NA,NA,NA
CGF-6049,NA,NA,NA,NA,NA,NA
CGF-6050,NA,NA,NA,NA,NA,NA
CGF-6055,NA,NA,NA,NA,NA,NA
CGF-6056,NA,NA,NA,NA,NA,NA
CGF-6058,NA,NA,NA,NA,NA,NA
CGF-6059,NA,NA,NA,NA,NA,NA
CGF-6060,NA,NA,NA,NA,NA,NA
CGF-6061,NA,NA,NA,NA,NA,NA
CGF-6062,NA,NA,NA,NA,NA,NA
CGF-6063,NA,NA,NA,NA,NA,NA
CGF-6064,NA,NA,NA,NA,NA,NA
CGF-6065,NA,NA,NA,NA,NA,NA
CGF-6074,135.24,97.36,651.35,37.51,5425.2,1.86
CGF-610,NA,NA,NA,NA,NA,NA
CGF-6103,NA,NA,NA,NA,NA,NA
CGF-6104,NA,NA,NA,NA,NA,NA
CGF-6105,NA,NA,NA,NA,NA,NA
CGF-6107,NA,NA,NA,NA,NA,NA
CGF-6108,136.59,73.12,624.34,35.45,3045.02,2.94
CGF-611,NA,NA,NA,NA,NA,NA
CGF-6111,NA,NA,NA,NA,NA,NA
CGF-6112,NA,NA,NA,NA,NA,NA
CGF-6114,NA,NA,NA,NA,NA,NA
CGF-6116,NA,NA,NA,NA,NA,NA
CGF-6117,NA,NA,NA,NA,NA,NA
CGF-6118,NA,NA,NA,NA,NA,NA
CGF-6119,NA,NA,NA,NA,NA,NA
CGF-6121,NA,NA,NA,NA,NA,NA
CGF-6123,NA,NA,NA,NA,NA,NA
CGF-6124,NA,NA,NA,NA,NA,NA
CGF-6130,NA,NA,NA,NA,NA,NA
CGF-6143,NA,NA,NA,NA,NA,NA
CGF-6145,NA,NA,NA,NA,NA,NA
CGF-6153,142.25,99.77,NA,NA,5789.28,1.82
CGF-6154,139.49,NA,NA,46.44,4958.47,1.71
CGF-6155,139.14,NA,NA,42.94,4753.47,1.25
CGF-6160,NA,NA,NA,NA,NA,NA
CGF-6161,NA,NA,NA,NA,NA,NA
CGF-6162,NA,NA,NA,NA,NA,NA
CGF-6163,NA,NA,NA,NA,NA,NA
CGF-6164,NA,NA,NA,NA,NA,NA
CGF-6165,142.13,88.33,588.75,41.97,6690.35,3.11
CGF-6166,NA,NA,NA,NA,NA,NA
CGF-6168,140.49,110.63,NA,NA,NA,1.34
CGF-6169,NA,NA,NA,NA,NA,NA
CGF-6171,NA,NA,NA,NA,NA,NA
CGF-6172,NA,NA,NA,NA,NA,NA
CGF-6175,NA,NA,NA,NA,NA,NA
CGF-6179,NA,NA,NA,NA,NA,NA
CGF-6180,NA,NA,NA,NA,NA,NA
CGF-6181,NA,NA,NA,NA,NA,NA
CGF-6182,142.02,99.13,611.74,42.58,5466.54,2.44
CGF-6183,NA,NA,NA,NA,NA,NA
CGF-6187,NA,NA,NA,NA,NA,NA
CGF-6188,NA,NA,NA,NA,NA,NA
CGF-6189,NA,NA,NA,NA,NA,NA
CGF-6190,NA,NA,NA,NA,NA,NA
CGF-6191,NA,NA,NA,NA,NA,NA
CGF-6192,NA,NA,NA,NA,NA,NA
CGF-6195,NA,NA,NA,NA,NA,NA
CGF-6199,NA,NA,NA,NA,NA,NA
CGF-6200,NA,NA,NA,NA,NA,NA
CGF-6219,142.39,109.07,636.59,38.22,5235.5,3.72
CGF-6221,NA,NA,NA,NA,NA,NA
CGF-6223,NA,NA,NA,NA,NA,NA
CGF-6225,NA,NA,NA,NA,NA,NA
CGF-6226,NA,NA,NA,NA,NA,NA
CGF-6227,NA,NA,NA,NA,NA,NA
CGF-6232,NA,NA,NA,NA,NA,NA
CGF-6235,NA,NA,NA,NA,NA,NA
CGF-6236,NA,NA,NA,NA,NA,NA
CGF-6237,NA,NA,NA,NA,NA,NA
CGF-6238,NA,NA,NA,NA,NA,NA
CGF-6239,NA,NA,NA,NA,NA,NA
CGF-6240,NA,NA,NA,NA,NA,NA
CGF-6243,NA,NA,NA,NA,NA,NA
CGF-6245,NA,NA,NA,NA,NA,NA
CGF-6246,NA,NA,NA,NA,NA,NA
CGF-6247,135.66,84.81,NA,NA,NA,1.34
CGF-6262,NA,NA,NA,NA,NA,NA
CGF-6263,NA,NA,NA,NA,NA,NA
CGF-6264,NA,NA,NA,NA,NA,NA
CGF-6266,NA,NA,NA,NA,NA,NA
CGF-6267,NA,NA,NA,NA,NA,NA
CGF-627,NA,NA,NA,NA,NA,NA
CGF-6277,NA,NA,NA,NA,NA,NA
CGF-6281,NA,NA,NA,NA,NA,NA
CGF-6285,NA,NA,NA,NA,NA,NA
CGF-6288,NA,NA,NA,NA,NA,NA
CGF-6289,NA,NA,NA,NA,NA,NA
CGF-629,NA,NA,NA,NA,NA,NA
CGF-6290,NA,NA,NA,NA,NA,NA
CGF-6291,NA,NA,NA,NA,NA,NA
CGF-6292,NA,NA,NA,NA,NA,NA
CGF-6294,NA,NA,NA,NA,NA,NA
CGF-6295,NA,NA,NA,NA,NA,NA
CGF-6306,NA,NA,NA,NA,NA,NA
CGF-6307,NA,NA,NA,NA,NA,NA
CGF-6308,NA,NA,NA,NA,NA,NA
CGF-6309,NA,NA,NA,NA,NA,NA
CGF-6312,NA,NA,NA,NA,NA,NA
CGF-6317,NA,NA,NA,NA,NA,NA
CGF-6318,NA,NA,NA,NA,NA,NA
CGF-6320,NA,NA,NA,NA,NA,NA
CGF-6321,NA,NA,NA,NA,NA,NA
CGF-6322,NA,NA,NA,NA,NA,NA
CGF-6323,138.11,99.07,NA,NA,3725.32,4.59
CGF-6324,NA,NA,NA,NA,NA,NA
CGF-6325,NA,NA,NA,NA,NA,NA
CGF-6326,NA,NA,NA,NA,NA,NA
CGF-6327,NA,NA,NA,NA,NA,NA
CGF-6328,NA,NA,NA,NA,NA,NA
CGF-6329,NA,NA,NA,NA,NA,NA
CGF-633,NA,NA,NA,NA,NA,NA
CGF-6331,NA,NA,NA,NA,NA,NA
CGF-6332,135.46,89.59,NA,NA,NA,1.25
CGF-6334,NA,NA,NA,NA,NA,NA
CGF-6336,NA,NA,NA,NA,NA,NA
CGF-6337,NA,NA,NA,NA,NA,NA
CGF-6338,NA,NA,NA,NA,NA,NA
CGF-6340,138.22,92.48,607.9,43.14,5609.58,3.45
CGF-6341,NA,NA,NA,NA,NA,NA
CGF-6343,NA,NA,NA,NA,NA,NA
CGF-6346,NA,NA,NA,NA,NA,NA
CGF-6351,NA,NA,NA,NA,NA,NA
CGF-6365,NA,NA,NA,NA,NA,NA
CGF-6366,NA,NA,NA,NA,NA,NA
CGF-6367,NA,NA,NA,NA,NA,NA
CGF-6368,NA,NA,NA,NA,NA,NA
CGF-6369,NA,NA,NA,NA,NA,NA
CGF-6371,NA,NA,NA,NA,NA,NA
CGF-6372,NA,NA,NA,NA,NA,NA
CGF-6376,NA,NA,NA,NA,NA,NA
CGF-6379,NA,NA,NA,NA,NA,NA
CGF-6380,NA,NA,NA,NA,NA,NA
CGF-6384,NA,NA,NA,NA,NA,NA
CGF-6385,NA,NA,NA,NA,NA,NA
CGF-6386,NA,NA,NA,NA,NA,NA
CGF-6393,NA,NA,NA,NA,NA,NA
CGF-6396,NA,NA,NA,NA,NA,NA
CGF-6398,NA,NA,NA,NA,NA,NA
CGF-6399,NA,NA,NA,NA,NA,NA
CGF-640,NA,NA,NA,NA,NA,NA
CGF-6400,NA,NA,NA,NA,NA,NA
CGF-6405,NA,NA,NA,NA,NA,NA
CGF-6406,NA,NA,NA,NA,NA,NA
CGF-6408,NA,NA,NA,NA,NA,NA
CGF-6409,NA,NA,NA,NA,NA,NA
CGF-6421,NA,NA,NA,NA,NA,NA
CGF-6431,136.37,85.22,604.47,43.56,6233.93,1.66
CGF-6434,138.26,87.41,595.52,41.08,5918.2,1.21
CGF-6435,138.11,99.68,518.98,NA,6620.7,1.31
CGF-6436,141.29,90.57,575.55,38.22,5350.63,1.62
CGF-6445,NA,NA,NA,NA,NA,NA
CGF-6456,142.57,93.64,555.19,45.41,6446.93,1.84
CGF-6457,139.8,86.47,NA,34.61,NA,2.91
CGF-6458,140.8,96.05,NA,NA,7179.36,1.17
CGF-6459,NA,NA,NA,NA,NA,NA
CGF-6460,NA,NA,NA,NA,NA,NA
CGF-6461,NA,NA,NA,NA,NA,NA
CGF-6462,NA,NA,NA,NA,NA,NA
CGF-6463,NA,NA,NA,NA,NA,NA
CGF-6465,NA,NA,NA,NA,NA,NA
CGF-6466,NA,NA,NA,NA,NA,NA
CGF-6468,138.67,92.49,539.75,46.05,5088.16,3.53
CGF-6469,139.81,79.41,NA,NA,NA,2.41
CGF-6470,NA,NA,NA,NA,NA,NA
CGF-6471,140.34,90.28,NA,NA,NA,1.97
CGF-6472,140.81,129.29,NA,NA,NA,NA
CGF-6473,NA,NA,NA,NA,NA,NA
CGF-6474,NA,NA,NA,NA,NA,NA
CGF-6475,139.4,99.91,614.34,NA,5825.37,1.83
CGF-6476,136.32,101.88,537.21,NA,5934.4,1.98
CGF-6477,139.9,88.27,593.83,42.4,5802.96,2.19
CGF-648,NA,NA,NA,NA,NA,NA
CGF-6483,NA,NA,NA,NA,NA,NA
CGF-6484,NA,NA,NA,NA,NA,NA
CGF-6485,NA,NA,NA,NA,NA,NA
CGF-6486,NA,NA,NA,NA,NA,NA
CGF-6487,NA,NA,NA,NA,NA,NA
CGF-6490,NA,NA,NA,NA,NA,NA
CGF-6491,NA,NA,NA,NA,NA,NA
CGF-6498,NA,NA,NA,NA,NA,NA
CGF-6500,NA,NA,NA,NA,NA,NA
CGF-6501,NA,NA,NA,NA,NA,NA
CGF-6502,NA,NA,NA,NA,NA,NA
CGF-6505,NA,NA,NA,NA,NA,NA
CGF-6506,NA,NA,NA,NA,NA,NA
CGF-6507,NA,NA,NA,NA,NA,NA
CGF-6508,NA,NA,NA,NA,NA,NA
CGF-6509,NA,NA,NA,NA,NA,NA
CGF-6510,NA,NA,NA,NA,NA,NA
CGF-6512,NA,NA,NA,NA,NA,NA
CGF-6514,NA,NA,NA,NA,NA,NA
CGF-6516,NA,NA,NA,NA,NA,NA
CGF-6517,NA,NA,NA,NA,NA,NA
CGF-6518,NA,NA,NA,NA,NA,NA
CGF-6519,136.84,102.78,NA,NA,NA,2.47
CGF-6520,NA,NA,NA,NA,NA,NA
CGF-6521,NA,NA,NA,NA,NA,NA
CGF-6522,NA,NA,NA,NA,NA,NA
CGF-6523,NA,NA,NA,NA,NA,NA
CGF-6524,NA,NA,NA,NA,NA,NA
CGF-6532,139.11,87.28,498.48,NA,6518.7,2.4
CGF-6533,136.56,92.42,478.98,NA,5899.2,4.96
CGF-6534,NA,NA,NA,NA,NA,NA
CGF-6535,NA,NA,NA,NA,NA,NA
CGF-6536,NA,NA,NA,NA,NA,NA
CGF-6537,NA,NA,NA,NA,NA,NA
CGF-6538,NA,NA,NA,NA,NA,NA
CGF-6539,NA,NA,NA,NA,NA,NA
CGF-6540,NA,NA,NA,NA,NA,NA
CGF-6544,NA,NA,NA,NA,NA,NA
CGF-6546,NA,NA,NA,NA,NA,NA
CGF-6547,NA,NA,NA,NA,NA,NA
CGF-6548,NA,NA,NA,NA,NA,NA
CGF-6549,NA,NA,NA,NA,NA,NA
CGF-6552,NA,NA,NA,NA,NA,NA
CGF-6553,NA,NA,NA,NA,NA,NA
CGF-6557,NA,NA,NA,NA,NA,NA
CGF-656,NA,NA,NA,NA,NA,NA
CGF-6560,NA,NA,NA,NA,NA,NA
CGF-6562,NA,NA,NA,NA,NA,NA
CGF-6563,NA,NA,NA,NA,NA,NA
CGF-6564,NA,NA,NA,NA,NA,NA
CGF-6565,NA,NA,NA,NA,NA,NA
CGF-6566,NA,NA,NA,NA,NA,NA
CGF-6567,NA,NA,NA,NA,NA,NA
CGF-6569,NA,NA,NA,NA,NA,NA
CGF-657,NA,NA,NA,NA,NA,NA
CGF-6572,NA,NA,NA,NA,NA,NA
CGF-6573,136.59,89.5,566.04,46.83,5409.13,2.79
CGF-6574,139.48,85.4,565.52,44.15,5086.12,2.47
CGF-6582,NA,NA,NA,NA,NA,NA
CGF-6583,NA,NA,NA,NA,NA,NA
CGF-6585,NA,NA,NA,NA,NA,NA
CGF-6586,NA,NA,NA,NA,NA,NA
CGF-6587,NA,NA,NA,NA,NA,NA
CGF-6592,NA,NA,NA,NA,NA,NA
CGF-6593,NA,NA,NA,NA,NA,NA
CGF-6604,NA,NA,NA,NA,NA,NA
CGF-6605,NA,NA,NA,NA,NA,NA
CGF-6606,NA,NA,NA,NA,NA,NA
CGF-6607,NA,NA,NA,NA,NA,NA
CGF-6608,NA,NA,NA,NA,NA,NA
CGF-6610,NA,NA,NA,NA,NA,NA
CGF-6612,NA,NA,NA,NA,NA,NA
CGF-6619,NA,NA,NA,NA,NA,NA
CGF-6621,NA,NA,NA,NA,NA,NA
CGF-6622,NA,NA,NA,NA,NA,NA
CGF-6623,NA,NA,NA,NA,NA,NA
CGF-6646,NA,NA,NA,NA,NA,NA
CGF-6647,NA,NA,NA,NA,NA,NA
CGF-6648,NA,NA,NA,NA,NA,NA
CGF-6649,NA,NA,NA,NA,NA,NA
CGF-6654,137.15,89.07,599.44,44.36,6258.82,3.13
CGF-6655,137.01,88.1,579.51,41.17,5992.09,2.48
CGF-6656,139.36,94.77,579.17,42.94,6305.8,2.57
CGF-6657,139.98,86.31,568.55,38.63,5697.18,1.85
CGF-6658,139.11,86.38,570.5,39.19,6302.86,2.54
CGF-6659,137,88.75,573.84,44.64,6402.87,1.68
CGF-6660,NA,NA,NA,NA,NA,NA
CGF-6663,NA,NA,NA,NA,NA,NA
CGF-6665,NA,NA,NA,NA,NA,NA
CGF-6666,NA,NA,NA,NA,NA,NA
CGF-6668,NA,NA,NA,NA,NA,NA
CGF-6669,NA,NA,NA,NA,NA,NA
CGF-6671,NA,NA,NA,NA,NA,NA
CGF-6672,NA,NA,NA,NA,NA,NA
CGF-6673,NA,NA,NA,NA,NA,NA
CGF-6679,NA,NA,NA,NA,NA,NA
CGF-668,NA,NA,NA,NA,NA,NA
CGF-6680,NA,NA,NA,NA,NA,NA
CGF-6691,NA,NA,NA,NA,NA,NA
CGF-6720,NA,NA,NA,NA,NA,NA
CGF-6721,NA,NA,NA,NA,NA,NA
CGF-6733,NA,NA,NA,NA,NA,NA
CGF-6734,NA,NA,NA,NA,NA,NA
CGF-6735,137.34,94.28,NA,NA,NA,NA
CGF-6736,NA,NA,NA,NA,NA,NA
CGF-6749,NA,NA,NA,NA,NA,NA
CGF-6750,NA,NA,NA,NA,NA,NA
CGF-6772,NA,NA,NA,NA,NA,NA
CGF-6773,NA,NA,NA,NA,NA,NA
CGF-6774,NA,NA,NA,NA,NA,NA
CGF-6775,NA,NA,NA,NA,NA,NA
CGF-6777,NA,NA,NA,NA,NA,NA
CGF-6778,NA,NA,NA,NA,NA,NA
CGF-6779,NA,NA,NA,NA,NA,NA
CGF-6780,NA,NA,NA,NA,NA,NA
CGF-6781,NA,NA,NA,NA,NA,NA
CGF-6782,NA,NA,NA,NA,NA,NA
CGF-6783,NA,NA,NA,NA,NA,NA
CGF-6787,NA,NA,NA,NA,NA,NA
CGF-6788,NA,NA,NA,NA,NA,NA
CGF-6789,NA,NA,NA,NA,NA,NA
CGF-6790,NA,NA,NA,NA,NA,NA
CGF-6791,NA,NA,NA,NA,NA,NA
CGF-6792,NA,NA,NA,NA,NA,NA
CGF-6793,NA,NA,NA,NA,NA,NA
CGF-6794,NA,NA,NA,NA,NA,NA
CGF-6795,NA,NA,NA,NA,NA,NA
CGF-6796,NA,NA,NA,NA,NA,NA
CGF-6797,NA,NA,NA,NA,NA,NA
CGF-6798,NA,NA,NA,NA,NA,NA
CGF-6799,140.31,104.93,571.91,45.45,5879.56,1.86
CGF-6829,NA,NA,NA,NA,NA,NA
CGF-6830,NA,NA,NA,NA,NA,NA
CGF-6831,NA,NA,NA,NA,NA,NA
CGF-6832,NA,NA,NA,NA,NA,NA
CGF-6835,NA,NA,NA,NA,NA,NA
CGF-6853,NA,NA,NA,NA,NA,NA
CGF-6854,NA,NA,NA,NA,NA,NA
CGF-6855,NA,NA,NA,NA,NA,NA
CGF-6868,NA,NA,NA,NA,NA,NA
CGF-6869,NA,NA,NA,NA,NA,NA
CGF-6870,NA,NA,NA,NA,NA,NA
CGF-6871,NA,NA,NA,NA,NA,NA
CGF-6872,NA,NA,NA,NA,NA,NA
CGF-6873,NA,NA,NA,NA,NA,NA
CGF-6874,NA,NA,NA,NA,NA,NA
CGF-6877,NA,NA,NA,NA,NA,NA
CGF-6888,NA,NA,NA,NA,NA,NA
CGF-6899,NA,NA,NA,NA,NA,NA
CGF-6902,144.02,88.65,NA,NA,4835.48,2.89
CGF-6921,NA,NA,NA,NA,NA,NA
CGF-6922,NA,NA,NA,NA,NA,NA
CGF-6924,NA,NA,NA,NA,NA,NA
CGF-6925,NA,NA,NA,NA,NA,NA
CGF-6938,NA,NA,NA,NA,NA,NA
CGF-6940,NA,NA,NA,NA,NA,NA
CGF-6950,NA,NA,NA,NA,NA,NA
CGF-6954,NA,NA,NA,NA,NA,NA
CGF-6956,NA,NA,NA,NA,NA,NA
CGF-6958,NA,NA,NA,NA,NA,NA
CGF-6959,NA,NA,NA,NA,NA,NA
CGF-6961,NA,NA,NA,NA,NA,NA
CGF-6962,NA,NA,NA,NA,NA,NA
CGF-6963,NA,NA,NA,NA,NA,NA
CGF-6964,NA,NA,NA,NA,NA,NA
CGF-6965,NA,NA,NA,NA,NA,NA
CGF-6966,NA,NA,NA,NA,NA,NA
CGF-6967,NA,NA,NA,NA,NA,NA
CGF-6968,NA,NA,NA,NA,NA,NA
CGF-6969,NA,NA,NA,NA,NA,NA
CGF-697,NA,NA,NA,NA,NA,NA
CGF-6971,140.98,84.06,NA,NA,NA,2.24
CGF-6972,NA,NA,NA,NA,NA,NA
CGF-6973,NA,NA,NA,NA,NA,NA
CGF-6975,NA,NA,NA,NA,NA,NA
CGF-6976,NA,NA,NA,NA,NA,NA
CGF-6977,NA,NA,NA,NA,NA,NA
CGF-6978,NA,NA,NA,NA,NA,NA
CGF-6979,NA,NA,NA,NA,NA,NA
CGF-6980,NA,NA,NA,NA,NA,NA
CGF-6981,NA,NA,NA,NA,NA,NA
CGF-6982,NA,NA,NA,NA,NA,NA
CGF-6984,NA,NA,NA,NA,NA,NA
CGF-7022,NA,NA,NA,NA,NA,NA
CGF-7035,NA,NA,NA,NA,NA,NA
CGF-7036,NA,NA,NA,NA,NA,NA
CGF-7038,142.41,103.24,624.87,NA,5587.81,1.34
CGF-7042,NA,NA,NA,NA,NA,NA
CGF-7044,NA,NA,NA,NA,NA,NA
CGF-7046,145.18,111.32,NA,NA,3490.42,1.65
CGF-7047,137.29,92.5,613.12,41.23,5885.98,3.06
CGF-7048,139.12,89.31,608.54,42.21,6334.34,2.15
CGF-7049,139.48,93.26,628.01,43.13,6676.8,2.41
CGF-7050,141.59,87.63,602.92,41.47,6501.88,3.04
CGF-7051,137.52,89.28,557.97,47.89,6147.33,1.61
CGF-7052,143.77,89.38,586.79,37.52,6536.61,3.66
CGF-7053,142.55,88.03,595.99,39.28,6603.83,3.06
CGF-7054,145.77,83.4,563.59,38.03,5979.85,2.75
CGF-7055,142.6,85.22,601.82,40.67,6321.22,3.24
CGF-7056,139.49,90.95,544.74,43.72,5903.45,1.71
CGF-7057,140.41,102.99,594,48.23,5879.11,2.59
CGF-7059,139.99,86.75,595.48,39.78,5727.7,2.54
CGF-7060,139.32,86.81,620.51,41.33,5802.87,2.32
CGF-7061,NA,NA,NA,NA,NA,NA
CGF-7062,NA,NA,NA,NA,NA,NA
CGF-7063,NA,NA,NA,NA,NA,NA
CGF-7064,NA,NA,NA,NA,NA,NA
CGF-7065,NA,NA,NA,NA,NA,NA
CGF-7066,NA,NA,NA,NA,NA,NA
CGF-7067,NA,NA,NA,NA,NA,NA
CGF-7070,138.92,84.54,NA,31.11,NA,1.51
CGF-7071,134.81,84.88,NA,NA,NA,1.25
CGF-7072,NA,NA,NA,NA,NA,NA
CGF-7073,NA,NA,NA,NA,NA,NA
CGF-7074,NA,NA,NA,NA,NA,NA
CGF-7075,140.48,94.92,587.66,41.53,6809.97,1.48
CGF-7076,138.19,88.16,572.89,43.13,5879.74,2.86
CGF-7077,145.34,96.8,522.33,47.19,6311.49,3.01
CGF-7078,NA,NA,NA,NA,NA,NA
CGF-7079,142.1,90.49,562.82,48.02,5292.95,2.26
CGF-7080,139.02,89.48,630.8,40.54,5469.33,1.31
CGF-7082,NA,NA,NA,NA,NA,NA
CGF-7083,NA,NA,NA,NA,NA,NA
CGF-7084,NA,NA,NA,NA,NA,NA
CGF-7085,139.84,84.28,NA,NA,NA,3.97
CGF-7086,NA,NA,NA,NA,NA,NA
CGF-7087,NA,NA,NA,NA,NA,NA
CGF-7088,NA,NA,NA,NA,NA,NA
CGF-7089,NA,NA,NA,NA,NA,NA
CGF-7090,NA,NA,NA,NA,NA,NA
CGF-7091,NA,NA,NA,NA,NA,NA
CGF-7092,137.63,88.93,567.43,46.17,5303.8,1.94
CGF-7093,NA,NA,NA,NA,NA,NA
CGF-7094,NA,NA,NA,NA,NA,NA
CGF-7095,NA,NA,NA,NA,NA,NA
CGF-7096,NA,NA,NA,NA,NA,NA
CGF-7097,NA,NA,NA,NA,NA,NA
CGF-7098,NA,NA,NA,NA,NA,NA
CGF-7099,NA,NA,NA,NA,NA,NA
CGF-7100,NA,NA,NA,NA,NA,NA
CGF-7101,NA,NA,NA,NA,NA,NA
CGF-7102,NA,NA,NA,NA,NA,NA
CGF-7103,NA,NA,NA,NA,NA,NA
CGF-7104,NA,NA,NA,NA,NA,NA
CGF-7105,NA,NA,NA,NA,NA,NA
CGF-7106,NA,NA,NA,NA,NA,NA
CGF-7107,NA,NA,NA,NA,NA,NA
CGF-7108,137.19,82.09,NA,NA,4266.78,2.13
CGF-7109,NA,NA,NA,NA,NA,NA
CGF-7110,NA,NA,NA,NA,NA,NA
CGF-7111,NA,NA,NA,NA,NA,NA
CGF-7113,NA,NA,NA,NA,NA,NA
CGF-7114,NA,NA,NA,NA,NA,NA
CGF-7115,NA,NA,NA,NA,NA,NA
CGF-7116,NA,NA,NA,NA,NA,NA
CGF-7117,NA,NA,NA,NA,NA,NA
CGF-7118,NA,NA,NA,NA,NA,NA
CGF-7119,NA,NA,NA,NA,NA,NA
CGF-7120,NA,NA,NA,NA,NA,NA
CGF-7121,NA,NA,NA,NA,NA,NA
CGF-7122,NA,NA,NA,NA,NA,NA
CGF-7123,NA,NA,NA,NA,NA,NA
CGF-7124,141.51,114.92,NA,NA,NA,NA
CGF-7125,142.27,100.27,639.66,53.05,5430.99,1.03
CGF-7126,141.4,98.59,663.99,38.8,5542.66,3.23
CGF-7127,145.81,104.14,645.45,51.64,5802.24,2.64
CGF-7128,142.82,108.11,635.13,47.1,5934.45,1.5
CGF-7130,142.96,105.57,636.76,43.58,5174.4,0.96
CGF-7131,NA,NA,NA,NA,NA,NA
CGF-7132,139.4,109.06,579.39,42.86,4961.95,3.06
CGF-7133,141.83,92.49,558.26,46.62,5966.44,3.21
CGF-7134,NA,NA,NA,NA,NA,NA
CGF-7135,NA,NA,NA,NA,NA,NA
CGF-7136,NA,NA,NA,NA,NA,NA
CGF-7137,NA,NA,NA,NA,NA,NA
CGF-7138,135.84,103.78,NA,NA,NA,NA
CGF-7139,139.34,109.28,NA,NA,NA,NA
CGF-7140,NA,NA,NA,NA,NA,NA
CGF-7141,NA,NA,NA,NA,NA,NA
CGF-7142,NA,NA,NA,NA,NA,NA
CGF-7143,NA,NA,NA,NA,NA,NA
CGF-7144,NA,NA,NA,NA,NA,NA
CGF-7145,NA,NA,NA,NA,NA,NA
CGF-7146,NA,NA,NA,NA,NA,NA
CGF-7148,NA,NA,NA,NA,NA,NA
CGF-7149,NA,NA,NA,NA,NA,NA
CGF-7150,NA,NA,NA,NA,NA,NA
CGF-7151,NA,NA,NA,NA,NA,NA
CGF-7152,NA,NA,NA,NA,NA,NA
CGF-7153,NA,NA,NA,NA,NA,NA
CGF-7154,NA,NA,NA,NA,NA,NA
CGF-7155,138.34,109.28,NA,NA,NA,3.97
CGF-7156,NA,NA,NA,NA,NA,NA
CGF-7157,NA,NA,NA,NA,NA,NA
CGF-7159,NA,NA,NA,NA,NA,NA
CGF-7160,NA,NA,NA,NA,NA,NA
CGF-7161,NA,NA,NA,NA,NA,NA
CGF-7162,NA,NA,NA,NA,NA,NA
CGF-7163,NA,NA,NA,NA,NA,NA
CGF-7164,NA,NA,NA,NA,NA,NA
CGF-7165,NA,NA,NA,NA,NA,NA
CGF-7166,NA,NA,NA,NA,NA,NA
CGF-7167,NA,NA,NA,NA,NA,NA
CGF-7168,NA,NA,NA,NA,NA,NA
CGF-7169,NA,NA,NA,NA,NA,NA
CGF-7170,NA,NA,NA,NA,NA,NA
CGF-7171,NA,NA,NA,NA,NA,NA
CGF-7172,NA,NA,NA,NA,NA,NA
CGF-7174,NA,NA,NA,NA,NA,NA
CGF-7175,NA,NA,NA,NA,NA,NA
CGF-7176,NA,NA,NA,NA,NA,NA
CGF-7177,NA,NA,NA,NA,NA,NA
CGF-7178,NA,NA,NA,NA,NA,NA
CGF-7179,NA,NA,NA,NA,NA,NA
CGF-7180,NA,NA,NA,NA,NA,NA
CGF-7182,NA,NA,NA,NA,NA,NA
CGF-7183,NA,NA,NA,NA,NA,NA
CGF-7184,NA,NA,NA,NA,NA,NA
CGF-7185,NA,NA,NA,NA,NA,NA
CGF-7186,NA,NA,NA,NA,NA,NA
CGF-7187,141.64,108.02,NA,47.72,7180.3,1.74
CGF-7188,137.47,91.36,593.15,47,5643.63,3.3
CGF-7189,140.71,95.86,563.44,43.16,5696.74,2.57
CGF-7190,142.26,106.64,NA,NA,NA,1.6
CGF-7191,136.38,88.74,552.07,46.58,5183.7,1.97
CGF-7193,137.93,88.55,697.69,37.32,5276.4,2.23
CGF-7194,NA,NA,NA,NA,NA,NA
CGF-7195,141.27,94.3,NA,43.18,6696.84,2.73
CGF-7196,141.37,91.22,835.33,41.07,6752.34,1.12
CGF-721,NA,NA,NA,NA,NA,NA
CGF-734,136.68,101.61,NA,NA,NA,NA
CGF-737,NA,NA,NA,NA,NA,NA
CGF-812,NA,NA,NA,NA,NA,NA
CGF-902,NA,NA,NA,NA,NA,NA
CGF-904,NA,NA,NA,NA,NA,NA
CGF-905,NA,NA,NA,NA,NA,NA
CGF-924,140.52,96.22,NA,NA,NA,0.88
CGF-927,NA,NA,NA,NA,NA,NA
CGF-956,NA,NA,NA,NA,NA,NA
CGF-957,138.34,97.28,NA,NA,NA,NA
CGF-962,NA,NA,NA,NA,NA,NA
CGF-969,NA,NA,NA,NA,NA,NA
CGF-970,NA,NA,NA,NA,NA,NA
CGF-977,NA,NA,NA,NA,NA,NA
