experiment_id,instcode,genus,accenumb,agent_id,doi,days_to_heading,thousand_kernel_weight,plant_height,name,description,campaign,site_name,longitude,latitude,remarks
1,LBN002,Hordeum,LRC_SSD_IG_17164,AB_04085,NA,100,47.9,127,Cat.1A,NA,1982-1983,NA,NA,NA,NA
1,LBN002,Hordeum,LRC_SSD_IG_17168,AB_04502,NA,100,42.6,135,Cat.1A,NA,1982-1983,NA,NA,NA,NA
1,LBN002,Hordeum,LRC_SSD_IG_17314,AB_04477,NA,100,36.1,158,Cat.1A,NA,1982-1983,NA,NA,NA,NA
1,LBN002,Hordeum,LRC_SSD_IG_17336,AB_04099,NA,105,55.1,135,Cat.1A,NA,1982-1983,NA,NA,NA,NA
1,LBN002,Hordeum,LRC_SSD_IG_17353,AB_04067,NA,110,35.2,164,Cat.1A,NA,1982-1983,NA,NA,NA,NA
1,LBN002,Hordeum,LRC_SSD_IG_17362,AB_04528,NA,100,29,148,Cat.1A,NA,1982-1983,NA,NA,NA,NA
1,LBN002,Hordeum,LRC_SSD_IG_17365,AB_04384,NA,105,60.7,153,Cat.1A,NA,1982-1983,NA,NA,NA,NA
1,LBN002,Hordeum,LRC_SSD_IG_17369,AB_03986,NA,110,39.4,148,Cat.1A,NA,1982-1983,NA,NA,NA,NA
1,LBN002,Hordeum,LRC_SSD_IG_17370,AB_04452,NA,105,41.3,164,Cat.1A,NA,1982-1983,NA,NA,NA,NA
1,LBN002,Hordeum,LRC_SSD_IG_17375,AB_04570,NA,105,41.4,136,Cat.1A,NA,1982-1983,NA,NA,NA,NA
1,LBN002,Hordeum,LRC_SSD_IG_17391,AB_04486,NA,100,41.1,151,Cat.1A,NA,1982-1983,NA,NA,NA,NA
1,LBN002,Hordeum,LRC_SSD_IG_17430,AB_04402,NA,105,43.2,135,Cat.1A,NA,1982-1983,NA,NA,NA,NA
1,LBN002,Hordeum,LRC_SSD_IG_17441,AB_04487,NA,85,42.7,135,Cat.1A,NA,1982-1983,NA,NA,NA,NA
1,LBN002,Hordeum,LRC_SSD_IG_17442,AB_04100,NA,70,39.6,137,Cat.1A,NA,1982-1983,NA,NA,NA,NA
1,LBN002,Hordeum,LRC_SSD_IG_17445,AB_04414,NA,85,37.9,137,Cat.1A,NA,1982-1983,NA,NA,NA,NA
1,LBN002,Hordeum,LRC_SSD_IG_17450,AB_04269,NA,95,48.9,139,Cat.1A,NA,1982-1983,NA,NA,NA,NA
1,LBN002,Hordeum,LRC_SSD_IG_17550,AB_04025,NA,85,35.7,126,Cat.1A,NA,1982-1983,NA,NA,NA,NA
1,LBN002,Hordeum,LRC_SSD_IG_17567,AB_04488,NA,80,35.9,126,Cat.1A,NA,1982-1983,NA,NA,NA,NA
1,LBN002,Hordeum,LRC_SSD_IG_18014,AB_04403,NA,115,36.5,135,Cat.1A,NA,1982-1983,NA,NA,NA,NA
1,LBN002,Hordeum,LRC_SSD_IG_18587,AB_04026,NA,95,37.9,130,Cat.1A,NA,1982-1983,NA,NA,NA,NA
1,LBN002,Hordeum,LRC_SSD_IG_18593,AB_04415,NA,100,35.9,135,Cat.1A,NA,1982-1983,NA,NA,NA,NA
1,LBN002,Hordeum,LRC_SSD_IG_18747,AB_04101,NA,70,40,127,Cat.1A,NA,1982-1983,NA,NA,NA,NA
1,LBN002,Hordeum,LRC_SSD_IG_18786,AB_04571,NA,65,38.1,128,Cat.1A,NA,1982-1983,NA,NA,NA,NA
1,LBN002,Hordeum,LRC_SSD_IG_18807,AB_04102,NA,75,36.7,142,Cat.1A,NA,1982-1983,NA,NA,NA,NA
1,LBN002,Hordeum,LRC_SSD_IG_18819,AB_04027,NA,75,36.9,135,Cat.1A,NA,1982-1983,NA,NA,NA,NA
1,LBN002,Hordeum,LRC_SSD_IG_18836,AB_04260,NA,90,32.6,135,Cat.1A,NA,1982-1983,NA,NA,NA,NA
1,LBN002,Hordeum,LRC_SSD_IG_18873,AB_04028,NA,75,41.8,146,Cat.1A,NA,1982-1983,NA,NA,NA,NA
1,LBN002,Hordeum,LRC_SSD_IG_18952,AB_04029,NA,90,54.6,142,Cat.1A,NA,1982-1983,NA,NA,NA,NA
1,LBN002,Hordeum,LRC_SSD_IG_18988,AB_04030,NA,95,47.2,138,Cat.1A,NA,1982-1983,NA,NA,NA,NA
1,LBN002,Hordeum,LRC_SSD_IG_19051,AB_04270,NA,85,42.7,135,Cat.1A,NA,1982-1983,NA,NA,NA,NA
1,LBN002,Hordeum,LRC_SSD_IG_19114,AB_04386,NA,100,44.7,128,Cat.1A,NA,1982-1983,NA,NA,NA,NA
1,LBN002,Hordeum,LRC_SSD_IG_19121,AB_04231,NA,110,33,135,Cat.1A,NA,1982-1983,NA,NA,NA,NA
1,LBN002,Hordeum,LRC_SSD_IG_19158,AB_04031,NA,105,42.5,142,Cat.1A,NA,1982-1983,NA,NA,NA,NA
1,LBN002,Hordeum,LRC_SSD_IG_19421,AB_04559,NA,90,32.6,138,Cat.1A,NA,1982-1983,NA,NA,NA,NA
1,LBN002,Hordeum,LRC_SSD_IG_19579,AB_03987,NA,85,39.9,138,Cat.1A,NA,1982-1983,NA,NA,NA,NA
1,LBN002,Hordeum,LRC_SSD_IG_19592,AB_04167,NA,95,45.1,146,Cat.1A,NA,1982-1983,NA,NA,NA,NA
1,LBN002,Hordeum,LRC_SSD_IG_19706,AB_04489,NA,105,40.9,146,Cat.1A,NA,1982-1983,NA,NA,NA,NA
1,LBN002,Hordeum,LRC_SSD_IG_19838,AB_04490,NA,90,55.6,144,Cat.1A,NA,1982-1983,NA,NA,NA,NA
2,LBN002,Hordeum,LRC_SSD_IG_19948,AB_04271,NA,45,42.7,148,Cat.1B,NA,1983-1984,NA,NA,NA,NA
2,LBN002,Hordeum,LRC_SSD_IG_20866,AB_04103,NA,90,NA,126,Cat.1B,NA,1983-1984,NA,NA,NA,NA
2,LBN002,Hordeum,LRC_SSD_IG_21429,AB_04013,NA,60,28.4,136,Cat.1B,NA,1983-1984,NA,NA,NA,NA
2,LBN002,Hordeum,LRC_SSD_IG_21502,AB_04014,NA,50,37.1,143,Cat.1B,NA,1983-1984,NA,NA,NA,NA
2,LBN002,Hordeum,LRC_SSD_IG_21736,AB_04572,NA,55,27.1,150,Cat.1B,NA,1983-1984,NA,NA,NA,NA
2,LBN002,Hordeum,LRC_SSD_IG_22053,AB_04327,NA,50,36.6,123,Cat.1B,NA,1983-1984,NA,NA,NA,NA
2,LBN002,Hordeum,LRC_SSD_IG_22101,AB_04086,NA,40,41.3,130,Cat.1B,NA,1983-1984,NA,NA,NA,NA
2,LBN002,Hordeum,LRC_SSD_IG_22410,AB_04478,NA,50,39.1,135,Cat.1B,NA,1983-1984,NA,NA,NA,NA
2,LBN002,Hordeum,LRC_SSD_IG_22774,AB_04573,NA,50,37.7,130,Cat.1B,NA,1983-1984,NA,NA,NA,NA
2,LBN002,Hordeum,LRC_SSD_IG_22837,AB_04331,NA,50,44.5,147,Cat.1B,NA,1983-1984,NA,NA,NA,NA
2,LBN002,Hordeum,LRC_SSD_IG_22838,AB_03988,NA,50,41.4,146,Cat.1B,NA,1983-1984,NA,NA,NA,NA
2,LBN002,Hordeum,LRC_SSD_IG_22875,AB_04255,NA,50,39,122,Cat.1B,NA,1983-1984,NA,NA,NA,NA
2,LBN002,Hordeum,LRC_SSD_IG_22922,AB_04087,NA,50,45.8,134,Cat.1B,NA,1983-1984,NA,NA,NA,NA
2,LBN002,Hordeum,LRC_SSD_IG_22985,AB_04474,NA,50,NA,118,Cat.1B,NA,1983-1984,NA,NA,NA,NA
2,LBN002,Hordeum,LRC_SSD_IG_23003,AB_04088,NA,55,52.2,132,Cat.1B,NA,1983-1984,NA,NA,NA,NA
2,LBN002,Hordeum,LRC_SSD_IG_23252,AB_04174,NA,45,36.1,122,Cat.1B,NA,1983-1984,NA,NA,NA,NA
2,LBN002,Hordeum,LRC_SSD_IG_23281,AB_04089,NA,45,38.3,136,Cat.1B,NA,1983-1984,NA,NA,NA,NA
2,LBN002,Hordeum,LRC_SSD_IG_23335,AB_04017,NA,50,37.3,125,Cat.1B,NA,1983-1984,NA,NA,NA,NA
2,LBN002,Hordeum,LRC_SSD_IG_23341,AB_04093,NA,70,34.5,139,Cat.1B,NA,1983-1984,NA,NA,NA,NA
2,LBN002,Hordeum,LRC_SSD_IG_23511,AB_04190,NA,55,55.8,124,Cat.1B,NA,1983-1984,NA,NA,NA,NA
2,LBN002,Hordeum,LRC_SSD_IG_23577,AB_04491,NA,60,33,140,Cat.1B,NA,1983-1984,NA,NA,NA,NA
2,LBN002,Hordeum,LRC_SSD_IG_23583,AB_04298,NA,55,33.1,139,Cat.1B,NA,1983-1984,NA,NA,NA,NA
2,LBN002,Hordeum,LRC_SSD_IG_23585,AB_04529,NA,55,28.2,140,Cat.1B,NA,1983-1984,NA,NA,NA,NA
2,LBN002,Hordeum,LRC_SSD_IG_23596,AB_04272,NA,50,26.4,147,Cat.1B,NA,1983-1984,NA,NA,NA,NA
2,LBN002,Hordeum,LRC_SSD_IG_23597,AB_04530,NA,50,24.6,160,Cat.1B,NA,1983-1984,NA,NA,NA,NA
2,LBN002,Hordeum,LRC_SSD_IG_23607,AB_04339,NA,50,24.8,161,Cat.1B,NA,1983-1984,NA,NA,NA,NA
2,LBN002,Hordeum,LRC_SSD_IG_23609,AB_04416,NA,50,27.2,164,Cat.1B,NA,1983-1984,NA,NA,NA,NA
2,LBN002,Hordeum,LRC_SSD_IG_23610,AB_04417,NA,55,27.4,153,Cat.1B,NA,1983-1984,NA,NA,NA,NA
2,LBN002,Hordeum,LRC_SSD_IG_23618,AB_04574,NA,55,NA,148,Cat.1B,NA,1983-1984,NA,NA,NA,NA
2,LBN002,Hordeum,LRC_SSD_IG_23620,AB_04104,NA,50,45.9,139,Cat.1B,NA,1983-1984,NA,NA,NA,NA
2,LBN002,Hordeum,LRC_SSD_IG_23624,AB_04332,NA,50,37.8,138,Cat.1B,NA,1983-1984,NA,NA,NA,NA
2,LBN002,Hordeum,LRC_SSD_IG_23628,AB_04261,NA,50,39.4,137,Cat.1B,NA,1983-1984,NA,NA,NA,NA
2,LBN002,Hordeum,LRC_SSD_IG_23682,AB_04479,NA,50,44.4,123,Cat.1B,NA,1983-1984,NA,NA,NA,NA
2,LBN002,Hordeum,LRC_SSD_IG_23942,AB_04262,NA,55,35,118,Cat.1B,NA,1983-1984,NA,NA,NA,NA
2,LBN002,Hordeum,LRC_SSD_IG_24408,AB_04385,NA,NA,41.2,136,Cat.1B,NA,1983-1984,NA,NA,NA,NA
2,LBN002,Hordeum,LRC_SSD_IG_24411,AB_04068,NA,50,30.4,143,Cat.1B,NA,1983-1984,NA,NA,NA,NA
2,LBN002,Hordeum,LRC_SSD_IG_24415,AB_04531,NA,35,32.5,136,Cat.1B,NA,1983-1984,NA,NA,NA,NA
2,LBN002,Hordeum,LRC_SSD_IG_24424,AB_04459,NA,50,37.1,136,Cat.1B,NA,1983-1984,NA,NA,NA,NA
2,LBN002,Hordeum,LRC_SSD_IG_24432,AB_04223,NA,50,30.5,138,Cat.1B,NA,1983-1984,NA,NA,NA,NA
2,LBN002,Hordeum,LRC_SSD_IG_24434,AB_04453,NA,40,23.4,131,Cat.1B,NA,1983-1984,NA,NA,NA,NA
2,LBN002,Hordeum,LRC_SSD_IG_24436,AB_04454,NA,60,30.7,142,Cat.1B,NA,1983-1984,NA,NA,NA,NA
2,LBN002,Hordeum,LRC_SSD_IG_24441,AB_04069,NA,70,35.7,138,Cat.1B,NA,1983-1984,NA,NA,NA,NA
2,LBN002,Hordeum,LRC_SSD_IG_24446,AB_04455,NA,50,38.8,137,Cat.1B,NA,1983-1984,NA,NA,NA,NA
2,LBN002,Hordeum,LRC_SSD_IG_24448,AB_04224,NA,70,37.9,137,Cat.1B,NA,1983-1984,NA,NA,NA,NA
2,LBN002,Hordeum,LRC_SSD_IG_24453,AB_03982,NA,70,30.6,138,Cat.1B,NA,1983-1984,NA,NA,NA,NA
2,LBN002,Hordeum,LRC_SSD_IG_24461,AB_04143,NA,70,31.9,138,Cat.1B,NA,1983-1984,NA,NA,NA,NA
2,LBN002,Hordeum,LRC_SSD_IG_24462,AB_03983,NA,70,34.3,138,Cat.1B,NA,1983-1984,NA,NA,NA,NA
2,LBN002,Hordeum,LRC_SSD_IG_24463,AB_04340,NA,80,31.7,142,Cat.1B,NA,1983-1984,NA,NA,NA,NA
2,LBN002,Hordeum,LRC_SSD_IG_24464,AB_04144,NA,75,26.9,156,Cat.1B,NA,1983-1984,NA,NA,NA,NA
2,LBN002,Hordeum,LRC_SSD_IG_24466,AB_03984,NA,70,27.3,153,Cat.1B,NA,1983-1984,NA,NA,NA,NA
2,LBN002,Hordeum,LRC_SSD_IG_24471,AB_04456,NA,90,33.8,137,Cat.1B,NA,1983-1984,NA,NA,NA,NA
2,LBN002,Hordeum,LRC_SSD_IG_24513,AB_04256,NA,50,30.2,135,Cat.1B,NA,1983-1984,NA,NA,NA,NA
2,LBN002,Hordeum,LRC_SSD_IG_24615,AB_04032,NA,60,36.3,133,Cat.1B,NA,1983-1984,NA,NA,NA,NA
2,LBN002,Hordeum,LRC_SSD_IG_24616,AB_04033,NA,60,43.2,132,Cat.1B,NA,1983-1984,NA,NA,NA,NA
2,LBN002,Hordeum,LRC_SSD_IG_24621,AB_04575,NA,70,38.6,136,Cat.1B,NA,1983-1984,NA,NA,NA,NA
2,LBN002,Hordeum,LRC_SSD_IG_24632,AB_04418,NA,50,43.1,136,Cat.1B,NA,1983-1984,NA,NA,NA,NA
2,LBN002,Hordeum,LRC_SSD_IG_24637,AB_04534,NA,75,22.1,123,Cat.1B,NA,1983-1984,NA,NA,NA,NA
2,LBN002,Hordeum,LRC_SSD_IG_24646,AB_04576,NA,40,37.2,135,Cat.1B,NA,1983-1984,NA,NA,NA,NA
2,LBN002,Hordeum,LRC_SSD_IG_24651,AB_04577,NA,60,36.1,122,Cat.1B,NA,1983-1984,NA,NA,NA,NA
2,LBN002,Hordeum,LRC_SSD_IG_24664,AB_04181,NA,60,34.7,142,Cat.1B,NA,1983-1984,NA,NA,NA,NA
2,LBN002,Hordeum,LRC_SSD_IG_24668,AB_04341,NA,NA,25.6,154,Cat.1B,NA,1983-1984,NA,NA,NA,NA
2,LBN002,Hordeum,LRC_SSD_IG_24669,AB_04273,NA,55,39,124,Cat.1B,NA,1983-1984,NA,NA,NA,NA
2,LBN002,Hordeum,LRC_SSD_IG_24670,AB_04274,NA,55,46.3,129,Cat.1B,NA,1983-1984,NA,NA,NA,NA
2,LBN002,Hordeum,LRC_SSD_IG_24671,AB_04328,NA,50,36.4,128,Cat.1B,NA,1983-1984,NA,NA,NA,NA
2,LBN002,Hordeum,LRC_SSD_IG_24718,AB_04018,NA,40,49.7,123,Cat.1B,NA,1983-1984,NA,NA,NA,NA
2,LBN002,Hordeum,LRC_SSD_IG_24719,AB_04333,NA,45,31.8,125,Cat.1B,NA,1983-1984,NA,NA,NA,NA
2,LBN002,Hordeum,LRC_SSD_IG_24744,AB_04034,NA,50,39.9,134,Cat.1B,NA,1983-1984,NA,NA,NA,NA
2,LBN002,Hordeum,LRC_SSD_IG_24753,AB_04182,NA,75,27.4,124,Cat.1B,NA,1983-1984,NA,NA,NA,NA
2,LBN002,Hordeum,LRC_SSD_IG_24755,AB_04175,NA,60,33.5,120,Cat.1B,NA,1983-1984,NA,NA,NA,NA
2,LBN002,Hordeum,LRC_SSD_IG_24764,AB_04404,NA,55,23.9,136,Cat.1B,NA,1983-1984,NA,NA,NA,NA
2,LBN002,Hordeum,LRC_SSD_IG_24779,AB_04090,NA,70,39.7,128,Cat.1B,NA,1983-1984,NA,NA,NA,NA
2,LBN002,Hordeum,LRC_SSD_IG_24780,AB_04183,NA,70,33.8,129,Cat.1B,NA,1983-1984,NA,NA,NA,NA
2,LBN002,Hordeum,LRC_SSD_IG_24861,AB_04105,NA,40,27.9,134,Cat.1B,NA,1983-1984,NA,NA,NA,NA
3,LBN002,Hordeum,LRC_SSD_IG_24872,AB_04094,NA,80,35.9,157,Cat.2,NA,1984-1985,NA,NA,NA,NA
3,LBN002,Hordeum,LRC_SSD_IG_24920,AB_04578,NA,80,45.3,159,Cat.2,NA,1984-1985,NA,NA,NA,NA
3,LBN002,Hordeum,LRC_SSD_IG_24938,AB_04106,NA,75,32.9,146,Cat.2,NA,1984-1985,NA,NA,NA,NA
3,LBN002,Hordeum,LRC_SSD_IG_24941,AB_04015,NA,85,39.3,149,Cat.2,NA,1984-1985,NA,NA,NA,NA
3,LBN002,Hordeum,LRC_SSD_IG_24944,AB_04329,NA,90,26.9,151,Cat.2,NA,1984-1985,NA,NA,NA,NA
3,LBN002,Hordeum,LRC_SSD_IG_25075,AB_04107,NA,70,41.8,141,Cat.2,NA,1984-1985,NA,NA,NA,NA
3,LBN002,Hordeum,LRC_SSD_IG_25162,AB_04492,NA,75,46.9,158,Cat.2,NA,1984-1985,NA,NA,NA,NA
3,LBN002,Hordeum,LRC_SSD_IG_25186,AB_04405,NA,75,31.2,157,Cat.2,NA,1984-1985,NA,NA,NA,NA
3,LBN002,Hordeum,LRC_SSD_IG_25205,AB_04016,NA,90,45.3,149,Cat.2,NA,1984-1985,NA,NA,NA,NA
3,LBN002,Hordeum,LRC_SSD_IG_25283,AB_04560,NA,70,44.9,146,Cat.2,NA,1984-1985,NA,NA,NA,NA
3,LBN002,Hordeum,LRC_SSD_IG_25319,AB_04561,NA,70,27,135,Cat.2,NA,1984-1985,NA,NA,NA,NA
3,LBN002,Hordeum,LRC_SSD_IG_25460,AB_04091,NA,85,39.9,135,Cat.2,NA,1984-1985,NA,NA,NA,NA
3,LBN002,Hordeum,LRC_SSD_IG_25468,AB_04168,NA,95,40.2,146,Cat.2,NA,1984-1985,NA,NA,NA,NA
3,LBN002,Hordeum,LRC_SSD_IG_25539,AB_04535,NA,85,38.2,141,Cat.2,NA,1984-1985,NA,NA,NA,NA
3,LBN002,Hordeum,LRC_SSD_IG_25556,AB_04536,NA,90,46,138,Cat.2,NA,1984-1985,NA,NA,NA,NA
3,LBN002,Hordeum,LRC_SSD_IG_25605,AB_04406,NA,75,32.3,159,Cat.2,NA,1984-1985,NA,NA,NA,NA
3,LBN002,Hordeum,LRC_SSD_IG_25617,AB_03989,NA,80,27.5,149,Cat.2,NA,1984-1985,NA,NA,NA,NA
3,LBN002,Hordeum,LRC_SSD_IG_25619,AB_04493,NA,60,41.1,149,Cat.2,NA,1984-1985,NA,NA,NA,NA
3,LBN002,Hordeum,LRC_SSD_IG_25679,AB_03990,NA,75,47.1,157,Cat.2,NA,1984-1985,NA,NA,NA,NA
3,LBN002,Hordeum,LRC_SSD_IG_25701,AB_04169,NA,60,23,135,Cat.2,NA,1984-1985,NA,NA,NA,NA
3,LBN002,Hordeum,LRC_SSD_IG_25747,AB_04150,NA,80,38.1,162,Cat.2,NA,1984-1985,NA,NA,NA,NA
3,LBN002,Hordeum,LRC_SSD_IG_25748,AB_04151,NA,80,46,164,Cat.2,NA,1984-1985,NA,NA,NA,NA
3,LBN002,Hordeum,LRC_SSD_IG_25752,AB_03991,NA,100,40,153,Cat.2,NA,1984-1985,NA,NA,NA,NA
3,LBN002,Hordeum,LRC_SSD_IG_25754,AB_04232,NA,85,26.5,156,Cat.2,NA,1984-1985,NA,NA,NA,NA
3,LBN002,Hordeum,LRC_SSD_IG_25756,AB_04419,NA,85,34.8,135,Cat.2,NA,1984-1985,NA,NA,NA,NA
3,LBN002,Hordeum,LRC_SSD_IG_25828,AB_04257,NA,60,35.5,146,Cat.2,NA,1984-1985,NA,NA,NA,NA
3,LBN002,Hordeum,LRC_SSD_IG_25872,AB_04035,NA,90,35.9,159,Cat.2,NA,1984-1985,NA,NA,NA,NA
3,LBN002,Hordeum,LRC_SSD_IG_25887,AB_04039,NA,83,32.2,149,Cat.2,NA,1984-1985,NA,NA,NA,NA
3,LBN002,Hordeum,LRC_SSD_IG_25936,AB_04019,NA,85,30,159,Cat.2,NA,1984-1985,NA,NA,NA,NA
3,LBN002,Hordeum,LRC_SSD_IG_26016,AB_04420,NA,80,39.5,131,Cat.2,NA,1984-1985,NA,NA,NA,NA
3,LBN002,Hordeum,LRC_SSD_IG_26288,AB_04351,NA,80,27.2,153,Cat.2,NA,1984-1985,NA,NA,NA,NA
3,LBN002,Hordeum,LRC_SSD_IG_26294,AB_04537,NA,110,31.8,158,Cat.2,NA,1984-1985,NA,NA,NA,NA
3,LBN002,Hordeum,LRC_SSD_IG_26295,AB_04301,NA,100,35,153,Cat.2,NA,1984-1985,NA,NA,NA,NA
3,LBN002,Hordeum,LRC_SSD_IG_26297,AB_04460,NA,105,42.9,159,Cat.2,NA,1984-1985,NA,NA,NA,NA
3,LBN002,Hordeum,LRC_SSD_IG_26298,AB_04152,NA,100,37.7,159,Cat.2,NA,1984-1985,NA,NA,NA,NA
3,LBN002,Hordeum,LRC_SSD_IG_26315,AB_04330,NA,85,37.1,159,Cat.2,NA,1984-1985,NA,NA,NA,NA
3,LBN002,Hordeum,LRC_SSD_IG_26325,AB_04258,NA,70,34.1,161,Cat.2,NA,1984-1985,NA,NA,NA,NA
3,LBN002,Hordeum,LRC_SSD_IG_26350,AB_04176,NA,80,32.3,146,Cat.2,NA,1984-1985,NA,NA,NA,NA
3,LBN002,Hordeum,LRC_SSD_IG_26357,AB_04562,NA,80,38.7,153,Cat.2,NA,1984-1985,NA,NA,NA,NA
3,LBN002,Hordeum,LRC_SSD_IG_26372,AB_04334,NA,80,30.8,149,Cat.2,NA,1984-1985,NA,NA,NA,NA
3,LBN002,Hordeum,LRC_SSD_IG_26404,AB_04423,NA,80,24.7,157,Cat.2,NA,1984-1985,NA,NA,NA,NA
3,LBN002,Hordeum,LRC_SSD_IG_26423,AB_04475,NA,60,26.4,153,Cat.2,NA,1984-1985,NA,NA,NA,NA
3,LBN002,Hordeum,LRC_SSD_IG_26535,AB_04092,NA,90,36.9,157,Cat.2,NA,1984-1985,NA,NA,NA,NA
3,LBN002,Hordeum,LRC_SSD_IG_26771,AB_04111,NA,75,39.3,152,Cat.2,NA,1984-1985,NA,NA,NA,NA
3,LBN002,Hordeum,LRC_SSD_IG_26804,AB_04040,NA,85,44.1,159,Cat.2,NA,1984-1985,NA,NA,NA,NA
3,LBN002,Hordeum,LRC_SSD_IG_27052,AB_04476,NA,55,42.1,148,Cat.2,NA,1984-1985,NA,NA,NA,NA
3,LBN002,Hordeum,LRC_SSD_IG_27184,AB_04233,NA,67,49.5,148,Cat.2,NA,1984-1985,NA,NA,NA,NA
3,LBN002,Hordeum,LRC_SSD_IG_27235,AB_04563,NA,75,45.9,152,Cat.2,NA,1984-1985,NA,NA,NA,NA
3,LBN002,Hordeum,LRC_SSD_IG_27246,AB_04191,NA,77,58.5,161,Cat.2,NA,1984-1985,NA,NA,NA,NA
3,LBN002,Hordeum,LRC_SSD_IG_27247,AB_04278,NA,80,44.5,152,Cat.2,NA,1984-1985,NA,NA,NA,NA
3,LBN002,Hordeum,LRC_SSD_IG_27250,AB_04503,NA,87,46.2,160,Cat.2,NA,1984-1985,NA,NA,NA,NA
3,LBN002,Hordeum,LRC_SSD_IG_27252,AB_04470,NA,67,39.7,152,Cat.2,NA,1984-1985,NA,NA,NA,NA
3,LBN002,Hordeum,LRC_SSD_IG_27259,AB_03958,NA,80,40.5,154,Cat.2,NA,1984-1985,NA,NA,NA,NA
3,LBN002,Hordeum,LRC_SSD_IG_27261,AB_04192,NA,78,45.6,154,Cat.2,NA,1984-1985,NA,NA,NA,NA
3,LBN002,Hordeum,LRC_SSD_IG_27265,AB_04471,NA,82,49.5,152,Cat.2,NA,1984-1985,NA,NA,NA,NA
3,LBN002,Hordeum,LRC_SSD_IG_27269,AB_04426,NA,70,50.6,163,Cat.2,NA,1984-1985,NA,NA,NA,NA
3,LBN002,Hordeum,LRC_SSD_IG_27328,AB_03959,NA,87,33.3,163,Cat.2,NA,1984-1985,NA,NA,NA,NA
3,LBN002,Hordeum,LRC_SSD_IG_27370,AB_04170,NA,80,33.9,156,Cat.2,NA,1984-1985,NA,NA,NA,NA
3,LBN002,Hordeum,LRC_SSD_IG_27376,AB_04532,NA,85,39.3,157,Cat.2,NA,1984-1985,NA,NA,NA,NA
3,LBN002,Hordeum,LRC_SSD_IG_27421,AB_04352,NA,65,43.4,158,Cat.2,NA,1984-1985,NA,NA,NA,NA
3,LBN002,Hordeum,LRC_SSD_IG_27425,AB_04399,NA,67,40.7,154,Cat.2,NA,1984-1985,NA,NA,NA,NA
3,LBN002,Hordeum,LRC_SSD_IG_27502,AB_04427,NA,80,36.6,160,Cat.2,NA,1984-1985,NA,NA,NA,NA
3,LBN002,Hordeum,LRC_SSD_IG_27536,AB_04353,NA,70,33.2,159,Cat.2,NA,1984-1985,NA,NA,NA,NA
3,LBN002,Hordeum,LRC_SSD_IG_27545,AB_04112,NA,65,21.1,144,Cat.2,NA,1984-1985,NA,NA,NA,NA
3,LBN002,Hordeum,LRC_SSD_IG_27605,AB_04113,NA,67,34.1,154,Cat.2,NA,1984-1985,NA,NA,NA,NA
3,LBN002,Hordeum,LRC_SSD_IG_27674,AB_04564,NA,87,47.7,159,Cat.2,NA,1984-1985,NA,NA,NA,NA
3,LBN002,Hordeum,LRC_SSD_IG_27932,AB_04424,NA,85,47,146,Cat.2,NA,1984-1985,NA,NA,NA,NA
3,LBN002,Hordeum,LRC_SSD_IG_27963,AB_04407,NA,75,NA,155,Cat.2,NA,1984-1985,NA,NA,NA,NA
3,LBN002,Hordeum,LRC_SSD_IG_28068,AB_04582,NA,60,18.9,157,Cat.2,NA,1984-1985,NA,NA,NA,NA
3,LBN002,Hordeum,LRC_SSD_IG_28080,AB_04041,NA,65,NA,155,Cat.2,NA,1984-1985,NA,NA,NA,NA
3,LBN002,Hordeum,LRC_SSD_IG_28123,AB_04259,NA,45,22.9,162,Cat.2,NA,1984-1985,NA,NA,NA,NA
3,LBN002,Hordeum,LRC_SSD_IG_28124,AB_04408,NA,70,28.6,151,Cat.2,NA,1984-1985,NA,NA,NA,NA
3,LBN002,Hordeum,LRC_SSD_IG_28277,AB_04299,NA,90,42.4,154,Cat.2,NA,1984-1985,NA,NA,NA,NA
3,LBN002,Hordeum,LRC_SSD_IG_28278,AB_04504,NA,55,46.2,146,Cat.2,NA,1984-1985,NA,NA,NA,NA
3,LBN002,Hordeum,LRC_SSD_IG_28330,AB_04565,NA,75,33.3,154,Cat.2,NA,1984-1985,NA,NA,NA,NA
3,LBN002,Hordeum,LRC_SSD_IG_28331,AB_04171,NA,80,37.4,154,Cat.2,NA,1984-1985,NA,NA,NA,NA
3,LBN002,Hordeum,LRC_SSD_IG_28380,AB_04020,NA,85,39.8,153,Cat.2,NA,1984-1985,NA,NA,NA,NA
3,LBN002,Hordeum,LRC_SSD_IG_28381,AB_04172,NA,85,37.1,150,Cat.2,NA,1984-1985,NA,NA,NA,NA
3,LBN002,Hordeum,LRC_SSD_IG_28383,AB_04566,NA,80,38.5,146,Cat.2,NA,1984-1985,NA,NA,NA,NA
3,LBN002,Hordeum,LRC_SSD_IG_28390,AB_04173,NA,65,50.2,149,Cat.2,NA,1984-1985,NA,NA,NA,NA
3,LBN002,Hordeum,LRC_SSD_IG_28393,AB_04567,NA,65,46.2,145,Cat.2,NA,1984-1985,NA,NA,NA,NA
3,LBN002,Hordeum,LRC_SSD_IG_28405,AB_04036,NA,60,45.6,142,Cat.2,NA,1984-1985,NA,NA,NA,NA
3,LBN002,Hordeum,LRC_SSD_IG_28547,AB_04354,NA,90,NA,158,Cat.2,NA,1984-1985,NA,NA,NA,NA
3,LBN002,Hordeum,LRC_SSD_IG_28552,AB_04193,NA,80,NA,152,Cat.2,NA,1984-1985,NA,NA,NA,NA
3,LBN002,Hordeum,LRC_SSD_IG_28555,AB_04428,NA,80,43,159,Cat.2,NA,1984-1985,NA,NA,NA,NA
3,LBN002,Hordeum,LRC_SSD_IG_28561,AB_04194,NA,80,45.7,146,Cat.2,NA,1984-1985,NA,NA,NA,NA
3,LBN002,Hordeum,LRC_SSD_IG_28564,AB_04280,NA,80,49.9,154,Cat.2,NA,1984-1985,NA,NA,NA,NA
3,LBN002,Hordeum,LRC_SSD_IG_28571,AB_04042,NA,90,41.3,154,Cat.2,NA,1984-1985,NA,NA,NA,NA
3,LBN002,Hordeum,LRC_SSD_IG_28575,AB_04195,NA,70,43.8,145,Cat.2,NA,1984-1985,NA,NA,NA,NA
3,LBN002,Hordeum,LRC_SSD_IG_28582,AB_04043,NA,90,43.9,151,Cat.2,NA,1984-1985,NA,NA,NA,NA
3,LBN002,Hordeum,LRC_SSD_IG_28583,AB_04114,NA,87,44.1,150,Cat.2,NA,1984-1985,NA,NA,NA,NA
3,LBN002,Hordeum,LRC_SSD_IG_28590,AB_04355,NA,85,49.2,141,Cat.2,NA,1984-1985,NA,NA,NA,NA
3,LBN002,Hordeum,LRC_SSD_IG_28596,AB_04356,NA,65,50.6,145,Cat.2,NA,1984-1985,NA,NA,NA,NA
3,LBN002,Hordeum,LRC_SSD_IG_28611,AB_04281,NA,95,36.2,160,Cat.2,NA,1984-1985,NA,NA,NA,NA
3,LBN002,Hordeum,LRC_SSD_IG_28622,AB_04115,NA,90,41.3,160,Cat.2,NA,1984-1985,NA,NA,NA,NA
3,LBN002,Hordeum,LRC_SSD_IG_28627,AB_04505,NA,90,43.7,159,Cat.2,NA,1984-1985,NA,NA,NA,NA
3,LBN002,Hordeum,LRC_SSD_IG_28629,AB_04196,NA,85,41.6,160,Cat.2,NA,1984-1985,NA,NA,NA,NA
3,LBN002,Hordeum,LRC_SSD_IG_28642,AB_04197,NA,85,42.6,152,Cat.2,NA,1984-1985,NA,NA,NA,NA
3,LBN002,Hordeum,LRC_SSD_IG_28646,AB_04116,NA,90,43.6,158,Cat.2,NA,1984-1985,NA,NA,NA,NA
3,LBN002,Hordeum,LRC_SSD_IG_28654,AB_04429,NA,85,41.5,160,Cat.2,NA,1984-1985,NA,NA,NA,NA
3,LBN002,Hordeum,LRC_SSD_IG_28659,AB_04117,NA,95,36.2,154,Cat.2,NA,1984-1985,NA,NA,NA,NA
3,LBN002,Hordeum,LRC_SSD_IG_28660,AB_04198,NA,95,37.3,158,Cat.2,NA,1984-1985,NA,NA,NA,NA
3,LBN002,Hordeum,LRC_SSD_IG_28663,AB_04118,NA,95,35.4,158,Cat.2,NA,1984-1985,NA,NA,NA,NA
3,LBN002,Hordeum,LRC_SSD_IG_28666,AB_04119,NA,80,38.4,145,Cat.2,NA,1984-1985,NA,NA,NA,NA
3,LBN002,Hordeum,LRC_SSD_IG_28667,AB_03992,NA,80,37.1,145,Cat.2,NA,1984-1985,NA,NA,NA,NA
3,LBN002,Hordeum,LRC_SSD_IG_28668,AB_04506,NA,70,51.1,145,Cat.2,NA,1984-1985,NA,NA,NA,NA
3,LBN002,Hordeum,LRC_SSD_IG_28675,AB_04044,NA,80,48,151,Cat.2,NA,1984-1985,NA,NA,NA,NA
3,LBN002,Hordeum,LRC_SSD_IG_28697,AB_03993,NA,75,47.5,144,Cat.2,NA,1984-1985,NA,NA,NA,NA
3,LBN002,Hordeum,LRC_SSD_IG_28698,AB_03960,NA,75,47,150,Cat.2,NA,1984-1985,NA,NA,NA,NA
3,LBN002,Hordeum,LRC_SSD_IG_28710,AB_04275,NA,95,50.8,158,Cat.2,NA,1984-1985,NA,NA,NA,NA
3,LBN002,Hordeum,LRC_SSD_IG_28713,AB_04282,NA,60,42.1,145,Cat.2,NA,1984-1985,NA,NA,NA,NA
3,LBN002,Hordeum,LRC_SSD_IG_28714,AB_04199,NA,70,47.1,151,Cat.2,NA,1984-1985,NA,NA,NA,NA
3,LBN002,Hordeum,LRC_SSD_IG_28717,AB_04045,NA,65,45.2,145,Cat.2,NA,1984-1985,NA,NA,NA,NA
3,LBN002,Hordeum,LRC_SSD_IG_28718,AB_04430,NA,85,49.1,159,Cat.2,NA,1984-1985,NA,NA,NA,NA
3,LBN002,Hordeum,LRC_SSD_IG_28719,AB_04120,NA,65,51.2,152,Cat.2,NA,1984-1985,NA,NA,NA,NA
3,LBN002,Hordeum,LRC_SSD_IG_28720,AB_04557,NA,60,46.7,142,Cat.2,NA,1984-1985,NA,NA,NA,NA
3,LBN002,Hordeum,LRC_SSD_IG_28721,AB_04431,NA,70,51.5,152,Cat.2,NA,1984-1985,NA,NA,NA,NA
3,LBN002,Hordeum,LRC_SSD_IG_28727,AB_04357,NA,80,50.6,159,Cat.2,NA,1984-1985,NA,NA,NA,NA
3,LBN002,Hordeum,LRC_SSD_IG_28729,AB_04200,NA,65,46.8,145,Cat.2,NA,1984-1985,NA,NA,NA,NA
3,LBN002,Hordeum,LRC_SSD_IG_28730,AB_04358,NA,65,47.9,150,Cat.2,NA,1984-1985,NA,NA,NA,NA
3,LBN002,Hordeum,LRC_SSD_IG_28732,AB_03961,NA,70,43.6,154,Cat.2,NA,1984-1985,NA,NA,NA,NA
3,LBN002,Hordeum,LRC_SSD_IG_28734,AB_04201,NA,50,37.7,159,Cat.2,NA,1984-1985,NA,NA,NA,NA
3,LBN002,Hordeum,LRC_SSD_IG_28736,AB_04359,NA,80,51.3,158,Cat.2,NA,1984-1985,NA,NA,NA,NA
3,LBN002,Hordeum,LRC_SSD_IG_28747,AB_03962,NA,85,51.6,158,Cat.2,NA,1984-1985,NA,NA,NA,NA
3,LBN002,Hordeum,LRC_SSD_IG_28748,AB_04046,NA,75,47.2,152,Cat.2,NA,1984-1985,NA,NA,NA,NA
3,LBN002,Hordeum,LRC_SSD_IG_28755,AB_04202,NA,75,53.8,150,Cat.2,NA,1984-1985,NA,NA,NA,NA
3,LBN002,Hordeum,LRC_SSD_IG_28761,AB_04203,NA,70,47.3,146,Cat.2,NA,1984-1985,NA,NA,NA,NA
3,LBN002,Hordeum,LRC_SSD_IG_28763,AB_03963,NA,80,44.7,151,Cat.2,NA,1984-1985,NA,NA,NA,NA
3,LBN002,Hordeum,LRC_SSD_IG_28766,AB_04342,NA,90,48.6,158,Cat.2,NA,1984-1985,NA,NA,NA,NA
3,LBN002,Hordeum,LRC_SSD_IG_28793,AB_04234,NA,95,42.5,152,Cat.2,NA,1984-1985,NA,NA,NA,NA
3,LBN002,Hordeum,LRC_SSD_IG_28794,AB_03964,NA,95,53.4,158,Cat.2,NA,1984-1985,NA,NA,NA,NA
3,LBN002,Hordeum,LRC_SSD_IG_28798,AB_04283,NA,100,52,159,Cat.2,NA,1984-1985,NA,NA,NA,NA
3,LBN002,Hordeum,LRC_SSD_IG_28804,AB_04121,NA,70,33.2,150,Cat.2,NA,1984-1985,NA,NA,NA,NA
3,LBN002,Hordeum,LRC_SSD_IG_28811,AB_04507,NA,60,36.7,160,Cat.2,NA,1984-1985,NA,NA,NA,NA
3,LBN002,Hordeum,LRC_SSD_IG_28813,AB_04360,NA,70,47.9,141,Cat.2,NA,1984-1985,NA,NA,NA,NA
3,LBN002,Hordeum,LRC_SSD_IG_28815,AB_04302,NA,85,50.9,151,Cat.2,NA,1984-1985,NA,NA,NA,NA
3,LBN002,Hordeum,LRC_SSD_IG_28817,AB_04047,NA,85,49.8,145,Cat.2,NA,1984-1985,NA,NA,NA,NA
3,LBN002,Hordeum,LRC_SSD_IG_28825,AB_04303,NA,75,47.3,145,Cat.2,NA,1984-1985,NA,NA,NA,NA
3,LBN002,Hordeum,LRC_SSD_IG_28855,AB_04579,NA,70,35,145,Cat.2,NA,1984-1985,NA,NA,NA,NA
3,LBN002,Hordeum,LRC_SSD_IG_28860,AB_04361,NA,95,46.7,159,Cat.2,NA,1984-1985,NA,NA,NA,NA
3,LBN002,Hordeum,LRC_SSD_IG_28872,AB_04409,NA,95,39.5,159,Cat.2,NA,1984-1985,NA,NA,NA,NA
3,LBN002,Hordeum,LRC_SSD_IG_28877,AB_04235,NA,80,42,160,Cat.2,NA,1984-1985,NA,NA,NA,NA
3,LBN002,Hordeum,LRC_SSD_IG_28942,AB_04362,NA,50,24.4,137,Cat.2,NA,1984-1985,NA,NA,NA,NA
3,LBN002,Hordeum,LRC_SSD_IG_28959,AB_04177,NA,105,32,152,Cat.2,NA,1984-1985,NA,NA,NA,NA
3,LBN002,Hordeum,LRC_SSD_IG_28983,AB_04236,NA,90,37.9,154,Cat.2,NA,1984-1985,NA,NA,NA,NA
3,LBN002,Hordeum,LRC_SSD_IG_29001,AB_04077,NA,75,49.5,144,Cat.2,NA,1984-1985,NA,NA,NA,NA
3,LBN002,Hordeum,LRC_SSD_IG_29051,AB_04363,NA,75,43.1,141,Cat.2,NA,1984-1985,NA,NA,NA,NA
3,LBN002,Hordeum,LRC_SSD_IG_29052,AB_04388,NA,55,44.6,135,Cat.2,NA,1984-1985,NA,NA,NA,NA
3,LBN002,Hordeum,LRC_SSD_IG_29054,AB_04284,NA,80,45.7,144,Cat.2,NA,1984-1985,NA,NA,NA,NA
3,LBN002,Hordeum,LRC_SSD_IG_29058,AB_04554,NA,80,46.3,141,Cat.2,NA,1984-1985,NA,NA,NA,NA
3,LBN002,Hordeum,LRC_SSD_IG_29069,AB_04421,NA,85,47.6,151,Cat.2,NA,1984-1985,NA,NA,NA,NA
15,LBN002,Hordeum,LRC_SSD_IG_31412,AB_04364,NA,107,45,133,CE8802,NA,1987-1988,NA,NA,NA,NA
15,LBN002,Hordeum,LRC_SSD_IG_31450,AB_04122,NA,109,50,132,CE8802,NA,1987-1988,NA,NA,NA,NA
15,LBN002,Hordeum,LRC_SSD_IG_31453,AB_04048,NA,98,44,134,CE8802,NA,1987-1988,NA,NA,NA,NA
15,LBN002,Hordeum,LRC_SSD_IG_31490,AB_04204,NA,117,44,139,CE8802,NA,1987-1988,NA,NA,NA,NA
15,LBN002,Hordeum,LRC_SSD_IG_31493,AB_04365,NA,104,46,136,CE8802,NA,1987-1988,NA,NA,NA,NA
15,LBN002,Hordeum,LRC_SSD_IG_31495,AB_04322,NA,105,43,134,CE8802,NA,1987-1988,NA,NA,NA,NA
15,LBN002,Hordeum,LRC_SSD_IG_31513,AB_04432,NA,102,44,133,CE8802,NA,1987-1988,NA,NA,NA,NA
15,LBN002,Hordeum,LRC_SSD_IG_31522,AB_04400,NA,104,53,137,CE8802,NA,1987-1988,NA,NA,NA,NA
15,LBN002,Hordeum,LRC_SSD_IG_31864,AB_04221,NA,138,48,132,CE8802,NA,1987-1988,NA,NA,NA,NA
15,LBN002,Hordeum,LRC_SSD_IG_31865,AB_04527,NA,126,48,132,CE8802,NA,1987-1988,NA,NA,NA,NA
15,LBN002,Hordeum,LRC_SSD_IG_31866,AB_04448,NA,120,52,136,CE8802,NA,1987-1988,NA,NA,NA,NA
15,LBN002,Hordeum,LRC_SSD_IG_31870,AB_04380,NA,115,35,125,CE8802,NA,1987-1988,NA,NA,NA,NA
15,LBN002,Hordeum,LRC_SSD_IG_31876,AB_04065,NA,115,46,134,CE8802,NA,1987-1988,NA,NA,NA,NA
15,LBN002,Hordeum,LRC_SSD_IG_31891,AB_04123,NA,121,46,138,CE8802,NA,1987-1988,NA,NA,NA,NA
15,LBN002,Hordeum,LRC_SSD_IG_31923,AB_04225,NA,123,48,132,CE8802,NA,1987-1988,NA,NA,NA,NA
15,LBN002,Hordeum,LRC_SSD_IG_31924,AB_04508,NA,119,51,137,CE8802,NA,1987-1988,NA,NA,NA,NA
15,LBN002,Hordeum,LRC_SSD_IG_31927,AB_04366,NA,125,49,138,CE8802,NA,1987-1988,NA,NA,NA,NA
15,LBN002,Hordeum,LRC_SSD_IG_31935,AB_03965,NA,112,44,132,CE8802,NA,1987-1988,NA,NA,NA,NA
15,LBN002,Hordeum,LRC_SSD_IG_31938,AB_04296,NA,113,39,127,CE8802,NA,1987-1988,NA,NA,NA,NA
15,LBN002,Hordeum,LRC_SSD_IG_31942,AB_04509,NA,103,42,134,CE8802,NA,1987-1988,NA,NA,NA,NA
15,LBN002,Hordeum,LRC_SSD_IG_31945,AB_04049,NA,121,48,132,CE8802,NA,1987-1988,NA,NA,NA,NA
15,LBN002,Hordeum,LRC_SSD_IG_31968,AB_03966,NA,109,46,146,CE8802,NA,1987-1988,NA,NA,NA,NA
15,LBN002,Hordeum,LRC_SSD_IG_31973,AB_04381,NA,109,42,145,CE8802,NA,1987-1988,NA,NA,NA,NA
15,LBN002,Hordeum,LRC_SSD_IG_31975,AB_04457,NA,108,47,145,CE8802,NA,1987-1988,NA,NA,NA,NA
15,LBN002,Hordeum,LRC_SSD_IG_31977,AB_04050,NA,108,48,146,CE8802,NA,1987-1988,NA,NA,NA,NA
15,LBN002,Hordeum,LRC_SSD_IG_31988,AB_04285,NA,117,48,137,CE8802,NA,1987-1988,NA,NA,NA,NA
15,LBN002,Hordeum,LRC_SSD_IG_31993,AB_04401,NA,123,52,145,CE8802,NA,1987-1988,NA,NA,NA,NA
15,LBN002,Hordeum,LRC_SSD_IG_31995,AB_04286,NA,134,48,134,CE8802,NA,1987-1988,NA,NA,NA,NA
15,LBN002,Hordeum,LRC_SSD_IG_32000,AB_04367,NA,116,46,143,CE8802,NA,1987-1988,NA,NA,NA,NA
15,LBN002,Hordeum,LRC_SSD_IG_32004,AB_04461,NA,112,44,144,CE8802,NA,1987-1988,NA,NA,NA,NA
15,LBN002,Hordeum,LRC_SSD_IG_32008,AB_04154,NA,115,47,145,CE8802,NA,1987-1988,NA,NA,NA,NA
15,LBN002,Hordeum,LRC_SSD_IG_32009,AB_04205,NA,119,46,144,CE8802,NA,1987-1988,NA,NA,NA,NA
15,LBN002,Hordeum,LRC_SSD_IG_32012,AB_04226,NA,120,48,143,CE8802,NA,1987-1988,NA,NA,NA,NA
15,LBN002,Hordeum,LRC_SSD_IG_32020,AB_04449,NA,131,49,143,CE8802,NA,1987-1988,NA,NA,NA,NA
15,LBN002,Hordeum,LRC_SSD_IG_32022,AB_04083,NA,108,45,144,CE8802,NA,1987-1988,NA,NA,NA,NA
15,LBN002,Hordeum,LRC_SSD_IG_32031,AB_04145,NA,118,41,138,CE8802,NA,1987-1988,NA,NA,NA,NA
15,LBN002,Hordeum,LRC_SSD_IG_32041,AB_04084,NA,69,44,145,CE8802,NA,1987-1988,NA,NA,NA,NA
15,LBN002,Hordeum,LRC_SSD_IG_32053,AB_04124,NA,110,46,137,CE8802,NA,1987-1988,NA,NA,NA,NA
15,LBN002,Hordeum,LRC_SSD_IG_32066,AB_04051,NA,114,45,147,CE8802,NA,1987-1988,NA,NA,NA,NA
15,LBN002,Hordeum,LRC_SSD_IG_32069,AB_04538,NA,108,41,147,CE8802,NA,1987-1988,NA,NA,NA,NA
15,LBN002,Hordeum,LRC_SSD_IG_32073,AB_04125,NA,109,45,147,CE8802,NA,1987-1988,NA,NA,NA,NA
15,LBN002,Hordeum,LRC_SSD_IG_32077,AB_04472,NA,126,54,147,CE8802,NA,1987-1988,NA,NA,NA,NA
15,LBN002,Hordeum,LRC_SSD_IG_32083,AB_04206,NA,107,40,144,CE8802,NA,1987-1988,NA,NA,NA,NA
15,LBN002,Hordeum,LRC_SSD_IG_32088,AB_04450,NA,114,43,141,CE8802,NA,1987-1988,NA,NA,NA,NA
15,LBN002,Hordeum,LRC_SSD_IG_32575,AB_04539,NA,107,42,136,CE8802,NA,1987-1988,NA,NA,NA,NA
15,LBN002,Hordeum,LRC_SSD_IG_32584,AB_03967,NA,105,36,134,CE8802,NA,1987-1988,NA,NA,NA,NA
15,LBN002,Hordeum,LRC_SSD_IG_32587,AB_04462,NA,113,40,134,CE8802,NA,1987-1988,NA,NA,NA,NA
15,LBN002,Hordeum,LRC_SSD_IG_32596,AB_04555,NA,103,43,132,CE8802,NA,1987-1988,NA,NA,NA,NA
15,LBN002,Hordeum,LRC_SSD_IG_32598,AB_04078,NA,103,46,137,CE8802,NA,1987-1988,NA,NA,NA,NA
17,LBN002,Hordeum,LRC_SSD_IG_33453,AB_04480,NA,86,23,134,CE9002,NA,1989-1990,NA,NA,NA,NA
17,LBN002,Hordeum,LRC_SSD_IG_33631,AB_04481,NA,94,28.7,123,CE9002,NA,1989-1990,NA,NA,NA,NA
17,LBN002,Hordeum,LRC_SSD_IG_33642,AB_04347,NA,87,20,117,CE9002,NA,1989-1990,NA,NA,NA,NA
17,LBN002,Hordeum,LRC_SSD_IG_34576,AB_04500,NA,105,21.7,123,CE9002,NA,1989-1990,NA,NA,NA,NA
16,LBN002,Hordeum,LRC_SSD_IG_35201,AB_04545,NA,57,46.6,139,CE9001,NA,1989-1990,NA,NA,NA,NA
16,LBN002,Hordeum,LRC_SSD_IG_35205,AB_04323,NA,40,41.8,133,CE9001,NA,1989-1990,NA,NA,NA,NA
16,LBN002,Hordeum,LRC_SSD_IG_35210,AB_04370,NA,42,42.7,136,CE9001,NA,1989-1990,NA,NA,NA,NA
16,LBN002,Hordeum,LRC_SSD_IG_35214,AB_03997,NA,58,45.7,136,CE9001,NA,1989-1990,NA,NA,NA,NA
16,LBN002,Hordeum,LRC_SSD_IG_35215,AB_04008,NA,49,44.7,139,CE9001,NA,1989-1990,NA,NA,NA,NA
16,LBN002,Hordeum,LRC_SSD_IG_35216,AB_04511,NA,47,41.2,133,CE9001,NA,1989-1990,NA,NA,NA,NA
16,LBN002,Hordeum,LRC_SSD_IG_35220,AB_04391,NA,41,43,139,CE9001,NA,1989-1990,NA,NA,NA,NA
16,LBN002,Hordeum,LRC_SSD_IG_35221,AB_04242,NA,39,38,133,CE9001,NA,1989-1990,NA,NA,NA,NA
16,LBN002,Hordeum,LRC_SSD_IG_35227,AB_04306,NA,41,42.7,133,CE9001,NA,1989-1990,NA,NA,NA,NA
16,LBN002,Hordeum,LRC_SSD_IG_35249,AB_04156,NA,36,42.1,133,CE9001,NA,1989-1990,NA,NA,NA,NA
16,LBN002,Hordeum,LRC_SSD_IG_35254,AB_04072,NA,51,40,133,CE9001,NA,1989-1990,NA,NA,NA,NA
16,LBN002,Hordeum,LRC_SSD_IG_35255,AB_04307,NA,46,41.6,130,CE9001,NA,1989-1990,NA,NA,NA,NA
16,LBN002,Hordeum,LRC_SSD_IG_35274,AB_04157,NA,38,42.2,139,CE9001,NA,1989-1990,NA,NA,NA,NA
16,LBN002,Hordeum,LRC_SSD_IG_35276,AB_04546,NA,45,39.4,133,CE9001,NA,1989-1990,NA,NA,NA,NA
16,LBN002,Hordeum,LRC_SSD_IG_35278,AB_04055,NA,59,48.4,133,CE9001,NA,1989-1990,NA,NA,NA,NA
16,LBN002,Hordeum,LRC_SSD_IG_35280,AB_04547,NA,46,37.2,133,CE9001,NA,1989-1990,NA,NA,NA,NA
16,LBN002,Hordeum,LRC_SSD_IG_35281,AB_03998,NA,36,37.5,133,CE9001,NA,1989-1990,NA,NA,NA,NA
16,LBN002,Hordeum,LRC_SSD_IG_35291,AB_04243,NA,43,37.6,133,CE9001,NA,1989-1990,NA,NA,NA,NA
16,LBN002,Hordeum,LRC_SSD_IG_35292,AB_04158,NA,47,42.1,133,CE9001,NA,1989-1990,NA,NA,NA,NA
16,LBN002,Hordeum,LRC_SSD_IG_35308,AB_04073,NA,46,38.9,139,CE9001,NA,1989-1990,NA,NA,NA,NA
16,LBN002,Hordeum,LRC_SSD_IG_35313,AB_04079,NA,45,51.9,133,CE9001,NA,1989-1990,NA,NA,NA,NA
16,LBN002,Hordeum,LRC_SSD_IG_35329,AB_04512,NA,54,41.3,133,CE9001,NA,1989-1990,NA,NA,NA,NA
16,LBN002,Hordeum,LRC_SSD_IG_35341,AB_04464,NA,40,42.6,139,CE9001,NA,1989-1990,NA,NA,NA,NA
16,LBN002,Hordeum,LRC_SSD_IG_35342,AB_04324,NA,39,40.4,136,CE9001,NA,1989-1990,NA,NA,NA,NA
16,LBN002,Hordeum,LRC_SSD_IG_35343,AB_04325,NA,44,37.8,133,CE9001,NA,1989-1990,NA,NA,NA,NA
16,LBN002,Hordeum,LRC_SSD_IG_35344,AB_04127,NA,60,41.4,133,CE9001,NA,1989-1990,NA,NA,NA,NA
16,LBN002,Hordeum,LRC_SSD_IG_35347,AB_04159,NA,46,37.7,133,CE9001,NA,1989-1990,NA,NA,NA,NA
16,LBN002,Hordeum,LRC_SSD_IG_35348,AB_04465,NA,42,38.9,133,CE9001,NA,1989-1990,NA,NA,NA,NA
16,LBN002,Hordeum,LRC_SSD_IG_35349,AB_04392,NA,50,41.8,136,CE9001,NA,1989-1990,NA,NA,NA,NA
16,LBN002,Hordeum,LRC_SSD_IG_35351,AB_04308,NA,40,38.6,139,CE9001,NA,1989-1990,NA,NA,NA,NA
16,LBN002,Hordeum,LRC_SSD_IG_35354,AB_04326,NA,47,39.3,133,CE9001,NA,1989-1990,NA,NA,NA,NA
16,LBN002,Hordeum,LRC_SSD_IG_35362,AB_04080,NA,38,41.1,133,CE9001,NA,1989-1990,NA,NA,NA,NA
16,LBN002,Hordeum,LRC_SSD_IG_35366,AB_04556,NA,41,42.1,133,CE9001,NA,1989-1990,NA,NA,NA,NA
18,LBN002,Hordeum,LRC_SSD_IG_35377,AB_04209,NA,96,35.2,130,CE9101,NA,1990-1991,NA,NA,NA,NA
18,LBN002,Hordeum,LRC_SSD_IG_35378,AB_04513,NA,96,40.8,136,CE9101,NA,1990-1991,NA,NA,NA,NA
18,LBN002,Hordeum,LRC_SSD_IG_35382,AB_03970,NA,103,45.4,139,CE9101,NA,1990-1991,NA,NA,NA,NA
18,LBN002,Hordeum,LRC_SSD_IG_35400,AB_04515,NA,96,48.2,136,CE9101,NA,1990-1991,NA,NA,NA,NA
19,LBN002,Hordeum,LRC_SSD_IG_35405,AB_04451,NA,89,40.6,130,CE9102,NA,1990-1991,NA,NA,NA,NA
19,LBN002,Hordeum,LRC_SSD_IG_35406,AB_04142,NA,86,44.6,136,CE9102,NA,1990-1991,NA,NA,NA,NA
20,LBN002,Hordeum,LRC_SSD_IG_35721,AB_04178,NA,72,32.5,146,CE9103,NA,1990-1991,NA,NA,NA,NA
20,LBN002,Hordeum,LRC_SSD_IG_35754,AB_04371,NA,74,40.9,136,CE9103,NA,1990-1991,NA,NA,NA,NA
20,LBN002,Hordeum,LRC_SSD_IG_35788,AB_04276,NA,84,32.7,150,CE9103,NA,1990-1991,NA,NA,NA,NA
23,LBN002,Hordeum,LRC_SSD_IG_36095,AB_04410,NA,75,47.8,143,CE9233,NA,1991-1992,NA,NA,NA,NA
23,LBN002,Hordeum,LRC_SSD_IG_36249,AB_04057,NA,68,46.4,151,CE9233,NA,1991-1992,NA,NA,NA,NA
23,LBN002,Hordeum,LRC_SSD_IG_36361,AB_04210,NA,83,31.9,155,CE9233,NA,1991-1992,NA,NA,NA,NA
23,LBN002,Hordeum,LRC_SSD_IG_36418,AB_04129,NA,90,48.8,149,CE9233,NA,1991-1992,NA,NA,NA,NA
23,LBN002,Hordeum,LRC_SSD_IG_36430,AB_04211,NA,83,32.2,145,CE9233,NA,1991-1992,NA,NA,NA,NA
23,LBN002,Hordeum,LRC_SSD_IG_36474,AB_04516,NA,78,42.5,151,CE9233,NA,1991-1992,NA,NA,NA,NA
23,LBN002,Hordeum,LRC_SSD_IG_36623,AB_04482,NA,63,38.2,145,CE9233,NA,1991-1992,NA,NA,NA,NA
23,LBN002,Hordeum,LRC_SSD_IG_36631,AB_04581,NA,73,33.5,138,CE9233,NA,1991-1992,NA,NA,NA,NA
23,LBN002,Hordeum,LRC_SSD_IG_36637,AB_04179,NA,63,41.7,138,CE9233,NA,1991-1992,NA,NA,NA,NA
23,LBN002,Hordeum,LRC_SSD_IG_36642,AB_04483,NA,65,53.8,141,CE9233,NA,1991-1992,NA,NA,NA,NA
23,LBN002,Hordeum,LRC_SSD_IG_36651,AB_04583,NA,80,50.7,138,CE9233,NA,1991-1992,NA,NA,NA,NA
23,LBN002,Hordeum,LRC_SSD_IG_36660,AB_04108,NA,73,38.7,141,CE9233,NA,1991-1992,NA,NA,NA,NA
23,LBN002,Hordeum,LRC_SSD_IG_36712,AB_04184,NA,83,30.6,141,CE9233,NA,1991-1992,NA,NA,NA,NA
23,LBN002,Hordeum,LRC_SSD_IG_36770,AB_04411,NA,48,26,145,CE9233,NA,1991-1992,NA,NA,NA,NA
23,LBN002,Hordeum,LRC_SSD_IG_36800,AB_04277,NA,80,38.1,141,CE9233,NA,1991-1992,NA,NA,NA,NA
23,LBN002,Hordeum,LRC_SSD_IG_36814,AB_04264,NA,78,31.2,141,CE9233,NA,1991-1992,NA,NA,NA,NA
23,LBN002,Hordeum,LRC_SSD_IG_37066,AB_04484,NA,73,44.2,152,CE9233,NA,1991-1992,NA,NA,NA,NA
23,LBN002,Hordeum,LRC_SSD_IG_37071,AB_04021,NA,73,44.3,149,CE9233,NA,1991-1992,NA,NA,NA,NA
23,LBN002,Hordeum,LRC_SSD_IG_37134,AB_04568,NA,83,41.2,145,CE9233,NA,1991-1992,NA,NA,NA,NA
23,LBN002,Hordeum,LRC_SSD_IG_37177,AB_04254,NA,78,40.8,149,CE9233,NA,1991-1992,NA,NA,NA,NA
23,LBN002,Hordeum,LRC_SSD_IG_37178,AB_04494,NA,75,46.6,149,CE9233,NA,1991-1992,NA,NA,NA,NA
23,LBN002,Hordeum,LRC_SSD_IG_37179,AB_04436,NA,78,48.3,147,CE9233,NA,1991-1992,NA,NA,NA,NA
23,LBN002,Hordeum,LRC_SSD_IG_37180,AB_04382,NA,73,47.8,145,CE9233,NA,1991-1992,NA,NA,NA,NA
23,LBN002,Hordeum,LRC_SSD_IG_37181,AB_03981,NA,83,45.2,145,CE9233,NA,1991-1992,NA,NA,NA,NA
23,LBN002,Hordeum,LRC_SSD_IG_37182,AB_04146,NA,83,36.7,149,CE9233,NA,1991-1992,NA,NA,NA,NA
23,LBN002,Hordeum,LRC_SSD_IG_37183,AB_04297,NA,88,40.4,149,CE9233,NA,1991-1992,NA,NA,NA,NA
23,LBN002,Hordeum,LRC_SSD_IG_37184,AB_04070,NA,88,42.4,147,CE9233,NA,1991-1992,NA,NA,NA,NA
23,LBN002,Hordeum,LRC_SSD_IG_37185,AB_04066,NA,78,35.7,155,CE9233,NA,1991-1992,NA,NA,NA,NA
23,LBN002,Hordeum,LRC_SSD_IG_37186,AB_04222,NA,83,44.3,149,CE9233,NA,1991-1992,NA,NA,NA,NA
23,LBN002,Hordeum,LRC_SSD_IG_37204,AB_04437,NA,70,32.4,138,CE9233,NA,1991-1992,NA,NA,NA,NA
23,LBN002,Hordeum,LRC_SSD_IG_37218,AB_03972,NA,83,38.6,149,CE9233,NA,1991-1992,NA,NA,NA,NA
23,LBN002,Hordeum,LRC_SSD_IG_37290,AB_04372,NA,68,49.5,145,CE9233,NA,1991-1992,NA,NA,NA,NA
23,LBN002,Hordeum,LRC_SSD_IG_37292,AB_04058,NA,65,41.6,145,CE9233,NA,1991-1992,NA,NA,NA,NA
23,LBN002,Hordeum,LRC_SSD_IG_37293,AB_04212,NA,55,39.3,145,CE9233,NA,1991-1992,NA,NA,NA,NA
23,LBN002,Hordeum,LRC_SSD_IG_37294,AB_04289,NA,58,48.7,141,CE9233,NA,1991-1992,NA,NA,NA,NA
23,LBN002,Hordeum,LRC_SSD_IG_37295,AB_03973,NA,63,46.2,145,CE9233,NA,1991-1992,NA,NA,NA,NA
23,LBN002,Hordeum,LRC_SSD_IG_37314,AB_04350,NA,78,44.3,143,CE9233,NA,1991-1992,NA,NA,NA,NA
21,LBN002,Hordeum,LRC_SSD_IG_37714,AB_04130,NA,68,52,145,CE9207,NA,1991-1992,NA,NA,NA,NA
21,LBN002,Hordeum,LRC_SSD_IG_37724,AB_04309,NA,88,53,149,CE9207,NA,1991-1992,NA,NA,NA,NA
21,LBN002,Hordeum,LRC_SSD_IG_37741,AB_04081,NA,76,56,152,CE9207,NA,1991-1992,NA,NA,NA,NA
21,LBN002,Hordeum,LRC_SSD_IG_37745,AB_04310,NA,73,53,149,CE9207,NA,1991-1992,NA,NA,NA,NA
21,LBN002,Hordeum,LRC_SSD_IG_37750,AB_04245,NA,67,42,155,CE9207,NA,1991-1992,NA,NA,NA,NA
21,LBN002,Hordeum,LRC_SSD_IG_37761,AB_04548,NA,78,51,152,CE9207,NA,1991-1992,NA,NA,NA,NA
21,LBN002,Hordeum,LRC_SSD_IG_37773,AB_04131,NA,57,38,152,CE9207,NA,1991-1992,NA,NA,NA,NA
21,LBN002,Hordeum,LRC_SSD_IG_37784,AB_04132,NA,71,47,152,CE9207,NA,1991-1992,NA,NA,NA,NA
21,LBN002,Hordeum,LRC_SSD_IG_37788,AB_04133,NA,63,49,149,CE9207,NA,1991-1992,NA,NA,NA,NA
21,LBN002,Hordeum,LRC_SSD_IG_37794,AB_04373,NA,83,47,149,CE9207,NA,1991-1992,NA,NA,NA,NA
21,LBN002,Hordeum,LRC_SSD_IG_37800,AB_03974,NA,48,47,145,CE9207,NA,1991-1992,NA,NA,NA,NA
22,LBN002,Hordeum,LRC_SSD_IG_37965,AB_04348,NA,68,37,116,CE9231,NA,1991-1992,NA,NA,NA,NA
22,LBN002,Hordeum,LRC_SSD_IG_38034,AB_04335,NA,72,33,122,CE9231,NA,1991-1992,NA,NA,NA,NA
24,LBN002,Hordeum,LRC_SSD_IG_16925,AB_04533,NA,95,NA,154,CE9310,NA,1992-1993,NA,NA,NA,NA
24,LBN002,Hordeum,LRC_SSD_IG_16940,AB_04149,NA,100,NA,152,CE9310,NA,1992-1993,NA,NA,NA,NA
24,LBN002,Hordeum,LRC_SSD_IG_19706,AB_04489,NA,85,NA,158,CE9310,NA,1992-1993,NA,NA,NA,NA
24,LBN002,Hordeum,LRC_SSD_IG_27184,AB_04233,NA,85,NA,145,CE9310,NA,1992-1993,NA,NA,NA,NA
24,LBN002,Hordeum,LRC_SSD_IG_27246,AB_04191,NA,95,NA,158,CE9310,NA,1992-1993,NA,NA,NA,NA
24,LBN002,Hordeum,LRC_SSD_IG_27252,AB_04470,NA,70,NA,148,CE9310,NA,1992-1993,NA,NA,NA,NA
24,LBN002,Hordeum,LRC_SSD_IG_28575,AB_04195,NA,90,NA,145,CE9310,NA,1992-1993,NA,NA,NA,NA
24,LBN002,Hordeum,LRC_SSD_IG_28675,AB_04044,NA,90,NA,145,CE9310,NA,1992-1993,NA,NA,NA,NA
24,LBN002,Hordeum,LRC_SSD_IG_28734,AB_04201,NA,80,NA,138,CE9310,NA,1992-1993,NA,NA,NA,NA
24,LBN002,Hordeum,LRC_SSD_IG_28763,AB_03963,NA,85,NA,148,CE9310,NA,1992-1993,NA,NA,NA,NA
24,LBN002,Hordeum,LRC_SSD_IG_28811,AB_04507,NA,80,NA,141,CE9310,NA,1992-1993,NA,NA,NA,NA
24,LBN002,Hordeum,LRC_SSD_IG_28815,AB_04302,NA,90,NA,148,CE9310,NA,1992-1993,NA,NA,NA,NA
24,LBN002,Hordeum,LRC_SSD_IG_28817,AB_04047,NA,95,NA,141,CE9310,NA,1992-1993,NA,NA,NA,NA
24,LBN002,Hordeum,LRC_SSD_IG_28860,AB_04361,NA,95,NA,158,CE9310,NA,1992-1993,NA,NA,NA,NA
24,LBN002,Hordeum,LRC_SSD_IG_33005,AB_04288,NA,100,NA,148,CE9310,NA,1992-1993,NA,NA,NA,NA
24,LBN002,Hordeum,LRC_SSD_IG_33007,AB_04540,NA,90,NA,152,CE9310,NA,1992-1993,NA,NA,NA,NA
24,LBN002,Hordeum,LRC_SSD_IG_33010,AB_04305,NA,97.5,NA,148,CE9310,NA,1992-1993,NA,NA,NA,NA
24,LBN002,Hordeum,LRC_SSD_IG_37290,AB_04372,NA,98.3333333333333,NA,158,CE9310,NA,1992-1993,NA,NA,NA,NA
24,LBN002,Hordeum,LRC_SSD_IG_37295,AB_03973,NA,85,NA,145,CE9310,NA,1992-1993,NA,NA,NA,NA
24,LBN002,Hordeum,LRC_SSD_IG_37619,AB_04185,NA,78,NA,138.6,CE9310,NA,1992-1993,NA,NA,NA,NA
24,LBN002,Hordeum,LRC_SSD_IG_37724,AB_04309,NA,107,NA,149.2,CE9310,NA,1992-1993,NA,NA,NA,NA
24,LBN002,Hordeum,LRC_SSD_IG_37745,AB_04310,NA,98,NA,150,CE9310,NA,1992-1993,NA,NA,NA,NA
24,LBN002,Hordeum,LRC_SSD_IG_37773,AB_04131,NA,89,NA,150,CE9310,NA,1992-1993,NA,NA,NA,NA
24,LBN002,Hordeum,LRC_SSD_IG_37794,AB_04373,NA,90,NA,148,CE9310,NA,1992-1993,NA,NA,NA,NA
24,LBN002,Hordeum,LRC_SSD_IG_38285,AB_04311,NA,95,NA,145,CE9310,NA,1992-1993,NA,NA,NA,NA
24,LBN002,Hordeum,LRC_SSD_IG_38519,AB_04495,NA,95,NA,158,CE9310,NA,1992-1993,NA,NA,NA,NA
26,LBN002,Hordeum,LRC_SSD_IG_16925,AB_04533,NA,126.666666666666,NA,154.3333,CE9414,NA,1993-1994,NA,NA,NA,NA
26,LBN002,Hordeum,LRC_SSD_IG_16940,AB_04149,NA,133.666666666666,NA,156.6667,CE9414,NA,1993-1994,NA,NA,NA,NA
26,LBN002,Hordeum,LRC_SSD_IG_19706,AB_04489,NA,110,NA,160,CE9414,NA,1993-1994,NA,NA,NA,NA
26,LBN002,Hordeum,LRC_SSD_IG_27184,AB_04233,NA,101.333333333333,NA,139,CE9414,NA,1993-1994,NA,NA,NA,NA
26,LBN002,Hordeum,LRC_SSD_IG_27246,AB_04191,NA,101.333333333333,NA,160,CE9414,NA,1993-1994,NA,NA,NA,NA
26,LBN002,Hordeum,LRC_SSD_IG_27252,AB_04470,NA,91.3333333333333,NA,141,CE9414,NA,1993-1994,NA,NA,NA,NA
26,LBN002,Hordeum,LRC_SSD_IG_28575,AB_04195,NA,115.5,NA,137,CE9414,NA,1993-1994,NA,NA,NA,NA
26,LBN002,Hordeum,LRC_SSD_IG_28675,AB_04044,NA,105.333333333333,NA,137,CE9414,NA,1993-1994,NA,NA,NA,NA
26,LBN002,Hordeum,LRC_SSD_IG_28734,AB_04201,NA,104.666666666666,NA,133,CE9414,NA,1993-1994,NA,NA,NA,NA
26,LBN002,Hordeum,LRC_SSD_IG_28763,AB_03963,NA,109.666666666666,NA,139,CE9414,NA,1993-1994,NA,NA,NA,NA
26,LBN002,Hordeum,LRC_SSD_IG_28811,AB_04507,NA,89.6666666666666,NA,137,CE9414,NA,1993-1994,NA,NA,NA,NA
26,LBN002,Hordeum,LRC_SSD_IG_28815,AB_04302,NA,103.333333333333,NA,151.6667,CE9414,NA,1993-1994,NA,NA,NA,NA
26,LBN002,Hordeum,LRC_SSD_IG_28817,AB_04047,NA,102.666666666666,NA,147.6667,CE9414,NA,1993-1994,NA,NA,NA,NA
26,LBN002,Hordeum,LRC_SSD_IG_28860,AB_04361,NA,120.333333333333,NA,153.6667,CE9414,NA,1993-1994,NA,NA,NA,NA
27,LBN002,Hordeum,LRC_SSD_IG_31412,AB_04364,NA,110,NA,139,CE9415,NA,1993-1994,NA,NA,NA,NA
27,LBN002,Hordeum,LRC_SSD_IG_31450,AB_04122,NA,105,NA,137,CE9415,NA,1993-1994,NA,NA,NA,NA
27,LBN002,Hordeum,LRC_SSD_IG_31490,AB_04204,NA,113,NA,147,CE9415,NA,1993-1994,NA,NA,NA,NA
27,LBN002,Hordeum,LRC_SSD_IG_31522,AB_04400,NA,98,NA,139,CE9415,NA,1993-1994,NA,NA,NA,NA
27,LBN002,Hordeum,LRC_SSD_IG_31864,AB_04221,NA,113,NA,139,CE9415,NA,1993-1994,NA,NA,NA,NA
27,LBN002,Hordeum,LRC_SSD_IG_31865,AB_04527,NA,118,NA,137,CE9415,NA,1993-1994,NA,NA,NA,NA
27,LBN002,Hordeum,LRC_SSD_IG_31870,AB_04380,NA,103,NA,127,CE9415,NA,1993-1994,NA,NA,NA,NA
27,LBN002,Hordeum,LRC_SSD_IG_31876,AB_04065,NA,123,NA,139,CE9415,NA,1993-1994,NA,NA,NA,NA
27,LBN002,Hordeum,LRC_SSD_IG_31891,AB_04123,NA,118,NA,145,CE9415,NA,1993-1994,NA,NA,NA,NA
27,LBN002,Hordeum,LRC_SSD_IG_31923,AB_04225,NA,108,NA,141,CE9415,NA,1993-1994,NA,NA,NA,NA
27,LBN002,Hordeum,LRC_SSD_IG_31942,AB_04509,NA,115,NA,137,CE9415,NA,1993-1994,NA,NA,NA,NA
27,LBN002,Hordeum,LRC_SSD_IG_31945,AB_04049,NA,123,NA,137,CE9415,NA,1993-1994,NA,NA,NA,NA
27,LBN002,Hordeum,LRC_SSD_IG_31968,AB_03966,NA,113,NA,153,CE9415,NA,1993-1994,NA,NA,NA,NA
27,LBN002,Hordeum,LRC_SSD_IG_31973,AB_04381,NA,108,NA,153,CE9415,NA,1993-1994,NA,NA,NA,NA
27,LBN002,Hordeum,LRC_SSD_IG_31975,AB_04457,NA,113,NA,153,CE9415,NA,1993-1994,NA,NA,NA,NA
27,LBN002,Hordeum,LRC_SSD_IG_31977,AB_04050,NA,98,NA,159,CE9415,NA,1993-1994,NA,NA,NA,NA
27,LBN002,Hordeum,LRC_SSD_IG_31988,AB_04285,NA,105,NA,141,CE9415,NA,1993-1994,NA,NA,NA,NA
27,LBN002,Hordeum,LRC_SSD_IG_31995,AB_04286,NA,119,NA,141,CE9415,NA,1993-1994,NA,NA,NA,NA
27,LBN002,Hordeum,LRC_SSD_IG_32000,AB_04367,NA,120,NA,147,CE9415,NA,1993-1994,NA,NA,NA,NA
27,LBN002,Hordeum,LRC_SSD_IG_32004,AB_04461,NA,113,NA,151,CE9415,NA,1993-1994,NA,NA,NA,NA
27,LBN002,Hordeum,LRC_SSD_IG_32009,AB_04205,NA,115,NA,147,CE9415,NA,1993-1994,NA,NA,NA,NA
27,LBN002,Hordeum,LRC_SSD_IG_32037,AB_04433,NA,115,NA,146,CE9415,NA,1993-1994,NA,NA,NA,NA
27,LBN002,Hordeum,LRC_SSD_IG_32041,AB_04084,NA,118,NA,151,CE9415,NA,1993-1994,NA,NA,NA,NA
27,LBN002,Hordeum,LRC_SSD_IG_32069,AB_04538,NA,119,NA,159,CE9415,NA,1993-1994,NA,NA,NA,NA
27,LBN002,Hordeum,LRC_SSD_IG_32575,AB_04539,NA,103,NA,139,CE9415,NA,1993-1994,NA,NA,NA,NA
27,LBN002,Hordeum,LRC_SSD_IG_32584,AB_03967,NA,93,NA,137,CE9415,NA,1993-1994,NA,NA,NA,NA
27,LBN002,Hordeum,LRC_SSD_IG_32596,AB_04555,NA,90,NA,137,CE9415,NA,1993-1994,NA,NA,NA,NA
27,LBN002,Hordeum,LRC_SSD_IG_32598,AB_04078,NA,99,NA,139,CE9415,NA,1993-1994,NA,NA,NA,NA
27,LBN002,Hordeum,LRC_SSD_IG_32710,AB_04510,NA,118,NA,145,CE9415,NA,1993-1994,NA,NA,NA,NA
27,LBN002,Hordeum,LRC_SSD_IG_32733,AB_04434,NA,118,NA,151,CE9415,NA,1993-1994,NA,NA,NA,NA
27,LBN002,Hordeum,LRC_SSD_IG_32748,AB_04238,NA,110,NA,151,CE9415,NA,1993-1994,NA,NA,NA,NA
27,LBN002,Hordeum,LRC_SSD_IG_32756,AB_04349,NA,103,NA,141,CE9415,NA,1993-1994,NA,NA,NA,NA
27,LBN002,Hordeum,LRC_SSD_IG_32774,AB_03994,NA,95,NA,141,CE9415,NA,1993-1994,NA,NA,NA,NA
27,LBN002,Hordeum,LRC_SSD_IG_32777,AB_04304,NA,103,NA,139,CE9415,NA,1993-1994,NA,NA,NA,NA
27,LBN002,Hordeum,LRC_SSD_IG_32801,AB_03968,NA,90,NA,139,CE9415,NA,1993-1994,NA,NA,NA,NA
27,LBN002,Hordeum,LRC_SSD_IG_32802,AB_04207,NA,108,NA,141,CE9415,NA,1993-1994,NA,NA,NA,NA
27,LBN002,Hordeum,LRC_SSD_IG_32803,AB_04463,NA,93,NA,141,CE9415,NA,1993-1994,NA,NA,NA,NA
27,LBN002,Hordeum,LRC_SSD_IG_32804,AB_04239,NA,100,NA,145,CE9415,NA,1993-1994,NA,NA,NA,NA
25,LBN002,Hordeum,LRC_SSD_IG_33005,AB_04288,NA,128,NA,145,CE9413,NA,1993-1994,NA,NA,NA,NA
26,LBN002,Hordeum,LRC_SSD_IG_33005,AB_04288,NA,118.166666666666,NA,145.3333,CE9414,NA,1993-1994,NA,NA,NA,NA
25,LBN002,Hordeum,LRC_SSD_IG_33007,AB_04540,NA,123,NA,151,CE9413,NA,1993-1994,NA,NA,NA,NA
26,LBN002,Hordeum,LRC_SSD_IG_33007,AB_04540,NA,119.333333333333,NA,149,CE9414,NA,1993-1994,NA,NA,NA,NA
25,LBN002,Hordeum,LRC_SSD_IG_33010,AB_04305,NA,123,NA,145,CE9413,NA,1993-1994,NA,NA,NA,NA
26,LBN002,Hordeum,LRC_SSD_IG_33010,AB_04305,NA,124.666666666666,NA,143.6667,CE9414,NA,1993-1994,NA,NA,NA,NA
27,LBN002,Hordeum,LRC_SSD_IG_35405,AB_04451,NA,120,NA,145,CE9415,NA,1993-1994,NA,NA,NA,NA
25,LBN002,Hordeum,LRC_SSD_IG_37619,AB_04185,NA,93,NA,130,CE9413,NA,1993-1994,NA,NA,NA,NA
25,LBN002,Hordeum,LRC_SSD_IG_37773,AB_04131,NA,111,NA,143,CE9413,NA,1993-1994,NA,NA,NA,NA
25,LBN002,Hordeum,LRC_SSD_IG_37794,AB_04373,NA,110,NA,141,CE9413,NA,1993-1994,NA,NA,NA,NA
28,LBN002,Hordeum,LRC_SSD_IG_38349,AB_04109,NA,105,36,140,CE9426,NA,1993-1994,NA,NA,NA,NA
28,LBN002,Hordeum,LRC_SSD_IG_38374,AB_04059,NA,105,44,137,CE9426,NA,1993-1994,NA,NA,NA,NA
25,LBN002,Hordeum,LRC_SSD_IG_38519,AB_04495,NA,119,NA,153,CE9413,NA,1993-1994,NA,NA,NA,NA
28,LBN002,Hordeum,LRC_SSD_IG_38594,AB_04425,NA,88,44,126,CE9426,NA,1993-1994,NA,NA,NA,NA
29,LBN002,Hordeum,LRC_SSD_IG_112195,AB_04110,NA,83,40,145,CE9501,NA,1994-1995,NA,NA,NA,NA
29,LBN002,Hordeum,LRC_SSD_IG_112251,AB_04496,NA,107,46,135,CE9501,NA,1994-1995,NA,NA,NA,NA
29,LBN002,Hordeum,LRC_SSD_IG_112280,AB_04265,NA,88,30,157,CE9501,NA,1994-1995,NA,NA,NA,NA
29,LBN002,Hordeum,LRC_SSD_IG_112354,AB_04037,NA,95,50,145,CE9501,NA,1994-1995,NA,NA,NA,NA
29,LBN002,Hordeum,LRC_SSD_IG_112450,AB_04312,NA,110,34,151,CE9501,NA,1994-1995,NA,NA,NA,NA
29,LBN002,Hordeum,LRC_SSD_IG_112457,AB_04213,NA,106,44,129,CE9501,NA,1994-1995,NA,NA,NA,NA
29,LBN002,Hordeum,LRC_SSD_IG_112463,AB_04438,NA,104,44,132,CE9501,NA,1994-1995,NA,NA,NA,NA
29,LBN002,Hordeum,LRC_SSD_IG_112483,AB_04134,NA,95,36,129,CE9501,NA,1994-1995,NA,NA,NA,NA
29,LBN002,Hordeum,LRC_SSD_IG_112488,AB_04266,NA,93,34,124,CE9501,NA,1994-1995,NA,NA,NA,NA
29,LBN002,Hordeum,LRC_SSD_IG_112489,AB_03975,NA,98,30,157,CE9501,NA,1994-1995,NA,NA,NA,NA
29,LBN002,Hordeum,LRC_SSD_IG_112491,AB_04160,NA,113,36,148,CE9501,NA,1994-1995,NA,NA,NA,NA
29,LBN002,Hordeum,LRC_SSD_IG_112557,AB_04001,NA,99,48,142,CE9501,NA,1994-1995,NA,NA,NA,NA
29,LBN002,Hordeum,LRC_SSD_IG_112558,AB_04393,NA,103,56,145,CE9501,NA,1994-1995,NA,NA,NA,NA
29,LBN002,Hordeum,LRC_SSD_IG_112572,AB_04517,NA,95,50,132,CE9501,NA,1994-1995,NA,NA,NA,NA
29,LBN002,Hordeum,LRC_SSD_IG_112575,AB_04394,NA,100,32,157,CE9501,NA,1994-1995,NA,NA,NA,NA
29,LBN002,Hordeum,LRC_SSD_IG_112598,AB_04161,NA,95,42,157,CE9501,NA,1994-1995,NA,NA,NA,NA
29,LBN002,Hordeum,LRC_SSD_IG_112600,AB_04246,NA,110,42,151,CE9501,NA,1994-1995,NA,NA,NA,NA
29,LBN002,Hordeum,LRC_SSD_IG_112605,AB_03976,NA,98,40,145,CE9501,NA,1994-1995,NA,NA,NA,NA
29,LBN002,Hordeum,LRC_SSD_IG_112609,AB_04162,NA,94,52,142,CE9501,NA,1994-1995,NA,NA,NA,NA
29,LBN002,Hordeum,LRC_SSD_IG_112610,AB_03977,NA,98,40,157,CE9501,NA,1994-1995,NA,NA,NA,NA
29,LBN002,Hordeum,LRC_SSD_IG_112612,AB_04374,NA,111,52,142,CE9501,NA,1994-1995,NA,NA,NA,NA
29,LBN002,Hordeum,LRC_SSD_IG_112615,AB_04002,NA,104,36,157,CE9501,NA,1994-1995,NA,NA,NA,NA
29,LBN002,Hordeum,LRC_SSD_IG_112620,AB_04313,NA,100,52,142,CE9501,NA,1994-1995,NA,NA,NA,NA
29,LBN002,Hordeum,LRC_SSD_IG_112630,AB_04518,NA,115,56,148,CE9501,NA,1994-1995,NA,NA,NA,NA
29,LBN002,Hordeum,LRC_SSD_IG_112631,AB_04439,NA,114,58,142,CE9501,NA,1994-1995,NA,NA,NA,NA
29,LBN002,Hordeum,LRC_SSD_IG_112634,AB_04163,NA,109,38,157,CE9501,NA,1994-1995,NA,NA,NA,NA
29,LBN002,Hordeum,LRC_SSD_IG_112635,AB_04314,NA,108,38,148,CE9501,NA,1994-1995,NA,NA,NA,NA
29,LBN002,Hordeum,LRC_SSD_IG_112653,AB_04497,NA,90,28,157,CE9501,NA,1994-1995,NA,NA,NA,NA
29,LBN002,Hordeum,LRC_SSD_IG_112658,AB_04186,NA,85,46,135,CE9501,NA,1994-1995,NA,NA,NA,NA
29,LBN002,Hordeum,LRC_SSD_IG_112698,AB_04498,NA,90,52,157,CE9501,NA,1994-1995,NA,NA,NA,NA
29,LBN002,Hordeum,LRC_SSD_IG_112701,AB_04187,NA,80,46,126,CE9501,NA,1994-1995,NA,NA,NA,NA
29,LBN002,Hordeum,LRC_SSD_IG_112816,AB_04413,NA,113,40,124,CE9501,NA,1994-1995,NA,NA,NA,NA
29,LBN002,Hordeum,LRC_SSD_IG_112891,AB_04095,NA,105,40,142,CE9501,NA,1994-1995,NA,NA,NA,NA
29,LBN002,Hordeum,LRC_SSD_IG_112928,AB_04135,NA,93,38,157,CE9501,NA,1994-1995,NA,NA,NA,NA
29,LBN002,Hordeum,LRC_SSD_IG_112933,AB_04315,NA,95,38,157,CE9501,NA,1994-1995,NA,NA,NA,NA
29,LBN002,Hordeum,LRC_SSD_IG_112935,AB_04214,NA,78,48,124,CE9501,NA,1994-1995,NA,NA,NA,NA
29,LBN002,Hordeum,LRC_SSD_IG_112992,AB_04375,NA,105,32,157,CE9501,NA,1994-1995,NA,NA,NA,NA
29,LBN002,Hordeum,LRC_SSD_IG_113008,AB_04316,NA,98,38,149,CE9501,NA,1994-1995,NA,NA,NA,NA
29,LBN002,Hordeum,LRC_SSD_IG_113022,AB_04136,NA,79,38,142,CE9501,NA,1994-1995,NA,NA,NA,NA
29,LBN002,Hordeum,LRC_SSD_IG_113023,AB_04376,NA,83,48,145,CE9501,NA,1994-1995,NA,NA,NA,NA
29,LBN002,Hordeum,LRC_SSD_IG_113025,AB_04215,NA,91,44,149,CE9501,NA,1994-1995,NA,NA,NA,NA
29,LBN002,Hordeum,LRC_SSD_IG_113030,AB_04060,NA,94,50,138,CE9501,NA,1994-1995,NA,NA,NA,NA
29,LBN002,Hordeum,LRC_SSD_IG_113046,AB_04082,NA,78,46,142,CE9501,NA,1994-1995,NA,NA,NA,NA
29,LBN002,Hordeum,LRC_SSD_IG_115853,AB_04164,NA,88,42,151,CE9501,NA,1994-1995,NA,NA,NA,NA
29,LBN002,Hordeum,LRC_SSD_IG_115855,AB_04061,NA,104,42,148,CE9501,NA,1994-1995,NA,NA,NA,NA
29,LBN002,Hordeum,LRC_SSD_IG_115861,AB_04300,NA,118,34,NA,CE9501,NA,1994-1995,NA,NA,NA,NA
29,LBN002,Hordeum,LRC_SSD_IG_115942,AB_04549,NA,85,46,138,CE9501,NA,1994-1995,NA,NA,NA,NA
29,LBN002,Hordeum,LRC_SSD_IG_115945,AB_04216,NA,97,36,149,CE9501,NA,1994-1995,NA,NA,NA,NA
29,LBN002,Hordeum,LRC_SSD_IG_115947,AB_04074,NA,105,34,149,CE9501,NA,1994-1995,NA,NA,NA,NA
29,LBN002,Hordeum,LRC_SSD_IG_115950,AB_04519,NA,98,54,157,CE9501,NA,1994-1995,NA,NA,NA,NA
29,LBN002,Hordeum,LRC_SSD_IG_115956,AB_04096,NA,91,42,142,CE9501,NA,1994-1995,NA,NA,NA,NA
29,LBN002,Hordeum,LRC_SSD_IG_115957,AB_04003,NA,107,52,142,CE9501,NA,1994-1995,NA,NA,NA,NA
29,LBN002,Hordeum,LRC_SSD_IG_115958,AB_04520,NA,95,50,142,CE9501,NA,1994-1995,NA,NA,NA,NA
29,LBN002,Hordeum,LRC_SSD_IG_115967,AB_04558,NA,76,46,133,CE9501,NA,1994-1995,NA,NA,NA,NA
29,LBN002,Hordeum,LRC_SSD_IG_115970,AB_04217,NA,81,42,133,CE9501,NA,1994-1995,NA,NA,NA,NA
29,LBN002,Hordeum,LRC_SSD_IG_115976,AB_04247,NA,105,38,157,CE9501,NA,1994-1995,NA,NA,NA,NA
29,LBN002,Hordeum,LRC_SSD_IG_115978,AB_04440,NA,93,40,149,CE9501,NA,1994-1995,NA,NA,NA,NA
29,LBN002,Hordeum,LRC_SSD_IG_115985,AB_04218,NA,83,54,142,CE9501,NA,1994-1995,NA,NA,NA,NA
29,LBN002,Hordeum,LRC_SSD_IG_115990,AB_04219,NA,90,50,129,CE9501,NA,1994-1995,NA,NA,NA,NA
29,LBN002,Hordeum,LRC_SSD_IG_115991,AB_04062,NA,86,52,126,CE9501,NA,1994-1995,NA,NA,NA,NA
29,LBN002,Hordeum,LRC_SSD_IG_116001,AB_04441,NA,93,58,124,CE9501,NA,1994-1995,NA,NA,NA,NA
29,LBN002,Hordeum,LRC_SSD_IG_18747,AB_04101,NA,79,42,126,CE9501,NA,1994-1995,NA,NA,NA,NA
29,LBN002,Hordeum,LRC_SSD_IG_18786,AB_04571,NA,70,48,124,CE9501,NA,1994-1995,NA,NA,NA,NA
29,LBN002,Hordeum,LRC_SSD_IG_18807,AB_04102,NA,92,54,133,CE9501,NA,1994-1995,NA,NA,NA,NA
29,LBN002,Hordeum,LRC_SSD_IG_18836,AB_04260,NA,81,50,142,CE9501,NA,1994-1995,NA,NA,NA,NA
29,LBN002,Hordeum,LRC_SSD_IG_18873,AB_04028,NA,93,40,149,CE9501,NA,1994-1995,NA,NA,NA,NA
29,LBN002,Hordeum,LRC_SSD_IG_18952,AB_04029,NA,90,46,157,CE9501,NA,1994-1995,NA,NA,NA,NA
29,LBN002,Hordeum,LRC_SSD_IG_18988,AB_04030,NA,95,46,142,CE9501,NA,1994-1995,NA,NA,NA,NA
29,LBN002,Hordeum,LRC_SSD_IG_19051,AB_04270,NA,94,42,142,CE9501,NA,1994-1995,NA,NA,NA,NA
29,LBN002,Hordeum,LRC_SSD_IG_19114,AB_04386,NA,108,42,129,CE9501,NA,1994-1995,NA,NA,NA,NA
29,LBN002,Hordeum,LRC_SSD_IG_19121,AB_04231,NA,107,32,142,CE9501,NA,1994-1995,NA,NA,NA,NA
29,LBN002,Hordeum,LRC_SSD_IG_19158,AB_04031,NA,107,42,142,CE9501,NA,1994-1995,NA,NA,NA,NA
29,LBN002,Hordeum,LRC_SSD_IG_19579,AB_03987,NA,99,44,142,CE9501,NA,1994-1995,NA,NA,NA,NA
30,LBN002,Hordeum,LRC_SSD_IG_27184,AB_04233,NA,NA,NA,136,CE9517,NA,1994-1995,NA,NA,NA,NA
30,LBN002,Hordeum,LRC_SSD_IG_27246,AB_04191,NA,NA,NA,154,CE9517,NA,1994-1995,NA,NA,NA,NA
30,LBN002,Hordeum,LRC_SSD_IG_27252,AB_04470,NA,NA,NA,139,CE9517,NA,1994-1995,NA,NA,NA,NA
30,LBN002,Hordeum,LRC_SSD_IG_28575,AB_04195,NA,NA,NA,131,CE9517,NA,1994-1995,NA,NA,NA,NA
30,LBN002,Hordeum,LRC_SSD_IG_28675,AB_04044,NA,NA,NA,124,CE9517,NA,1994-1995,NA,NA,NA,NA
30,LBN002,Hordeum,LRC_SSD_IG_28734,AB_04201,NA,NA,NA,124,CE9517,NA,1994-1995,NA,NA,NA,NA
30,LBN002,Hordeum,LRC_SSD_IG_28763,AB_03963,NA,NA,NA,131,CE9517,NA,1994-1995,NA,NA,NA,NA
30,LBN002,Hordeum,LRC_SSD_IG_28811,AB_04507,NA,NA,NA,127,CE9517,NA,1994-1995,NA,NA,NA,NA
30,LBN002,Hordeum,LRC_SSD_IG_28815,AB_04302,NA,NA,NA,146,CE9517,NA,1994-1995,NA,NA,NA,NA
30,LBN002,Hordeum,LRC_SSD_IG_28817,AB_04047,NA,NA,NA,146,CE9517,NA,1994-1995,NA,NA,NA,NA
30,LBN002,Hordeum,LRC_SSD_IG_28860,AB_04361,NA,NA,NA,146,CE9517,NA,1994-1995,NA,NA,NA,NA
30,LBN002,Hordeum,LRC_SSD_IG_33005,AB_04288,NA,NA,NA,136,CE9517,NA,1994-1995,NA,NA,NA,NA
31,LBN002,Hordeum,LRC_SSD_IG_33005,AB_04288,NA,100,NA,139,CE9518,NA,1994-1995,NA,NA,NA,NA
30,LBN002,Hordeum,LRC_SSD_IG_33007,AB_04540,NA,NA,NA,146,CE9517,NA,1994-1995,NA,NA,NA,NA
30,LBN002,Hordeum,LRC_SSD_IG_33010,AB_04305,NA,NA,NA,139,CE9517,NA,1994-1995,NA,NA,NA,NA
31,LBN002,Hordeum,LRC_SSD_IG_37619,AB_04185,NA,83,NA,119,CE9518,NA,1994-1995,NA,NA,NA,NA
31,LBN002,Hordeum,LRC_SSD_IG_37773,AB_04131,NA,90,NA,139,CE9518,NA,1994-1995,NA,NA,NA,NA
31,LBN002,Hordeum,LRC_SSD_IG_37794,AB_04373,NA,83,NA,139,CE9518,NA,1994-1995,NA,NA,NA,NA
31,LBN002,Hordeum,LRC_SSD_IG_38519,AB_04495,NA,98,NA,160,CE9518,NA,1994-1995,NA,NA,NA,NA
32,LBN002,Hordeum,LRC_SSD_IG_115942,AB_04549,NA,NA,NA,154,CE9703,NA,1996-1997,NA,NA,NA,NA
32,LBN002,Hordeum,LRC_SSD_IG_117978,AB_04267,NA,NA,NA,154,CE9703,NA,1996-1997,NA,NA,NA,NA
32,LBN002,Hordeum,LRC_SSD_IG_118007,AB_04038,NA,NA,NA,154,CE9703,NA,1996-1997,NA,NA,NA,NA
32,LBN002,Hordeum,LRC_SSD_IG_118065,AB_04022,NA,NA,NA,154,CE9703,NA,1996-1997,NA,NA,NA,NA
32,LBN002,Hordeum,LRC_SSD_IG_118088,AB_04023,NA,NA,NA,154,CE9703,NA,1996-1997,NA,NA,NA,NA
32,LBN002,Hordeum,LRC_SSD_IG_19114,AB_04386,NA,NA,NA,160,CE9703,NA,1996-1997,NA,NA,NA,NA
32,LBN002,Hordeum,LRC_SSD_IG_19158,AB_04031,NA,NA,NA,154,CE9703,NA,1996-1997,NA,NA,NA,NA
33,LBN002,Hordeum,LRC_SSD_IG_120496,AB_04550,NA,118,42,151,CE9811,NA,1997-1998,NA,NA,NA,NA
33,LBN002,Hordeum,LRC_SSD_IG_120497,AB_04004,NA,123,42,153,CE9811,NA,1997-1998,NA,NA,NA,NA
33,LBN002,Hordeum,LRC_SSD_IG_120498,AB_04467,NA,113,52,151,CE9811,NA,1997-1998,NA,NA,NA,NA
33,LBN002,Hordeum,LRC_SSD_IG_120499,AB_04317,NA,113,42,153,CE9811,NA,1997-1998,NA,NA,NA,NA
33,LBN002,Hordeum,LRC_SSD_IG_120513,AB_04248,NA,113,48,151,CE9811,NA,1997-1998,NA,NA,NA,NA
33,LBN002,Hordeum,LRC_SSD_IG_120514,AB_04249,NA,113,36,142,CE9811,NA,1997-1998,NA,NA,NA,NA
33,LBN002,Hordeum,LRC_SSD_IG_120516,AB_04220,NA,108,34,151,CE9811,NA,1997-1998,NA,NA,NA,NA
33,LBN002,Hordeum,LRC_SSD_IG_120518,AB_04318,NA,113,38,145,CE9811,NA,1997-1998,NA,NA,NA,NA
33,LBN002,Hordeum,LRC_SSD_IG_120524,AB_04468,NA,108,40,153,CE9811,NA,1997-1998,NA,NA,NA,NA
33,LBN002,Hordeum,LRC_SSD_IG_120536,AB_04344,NA,108,40,145,CE9811,NA,1997-1998,NA,NA,NA,NA
33,LBN002,Hordeum,LRC_SSD_IG_120567,AB_04521,NA,113,46,155,CE9811,NA,1997-1998,NA,NA,NA,NA
33,LBN002,Hordeum,LRC_SSD_IG_120575,AB_04165,NA,108,32,151,CE9811,NA,1997-1998,NA,NA,NA,NA
33,LBN002,Hordeum,LRC_SSD_IG_120577,AB_04442,NA,118,44,159,CE9811,NA,1997-1998,NA,NA,NA,NA
33,LBN002,Hordeum,LRC_SSD_IG_120580,AB_04075,NA,118,34,153,CE9811,NA,1997-1998,NA,NA,NA,NA
33,LBN002,Hordeum,LRC_SSD_IG_120581,AB_04005,NA,113,36,153,CE9811,NA,1997-1998,NA,NA,NA,NA
33,LBN002,Hordeum,LRC_SSD_IG_120582,AB_04551,NA,113,42,155,CE9811,NA,1997-1998,NA,NA,NA,NA
33,LBN002,Hordeum,LRC_SSD_IG_120585,AB_04319,NA,123,40,153,CE9811,NA,1997-1998,NA,NA,NA,NA
33,LBN002,Hordeum,LRC_SSD_IG_120588,AB_04006,NA,123,38,153,CE9811,NA,1997-1998,NA,NA,NA,NA
33,LBN002,Hordeum,LRC_SSD_IG_120589,AB_04395,NA,118,32,153,CE9811,NA,1997-1998,NA,NA,NA,NA
33,LBN002,Hordeum,LRC_SSD_IG_120592,AB_04552,NA,113,38,153,CE9811,NA,1997-1998,NA,NA,NA,NA
33,LBN002,Hordeum,LRC_SSD_IG_120593,AB_04396,NA,103,38,153,CE9811,NA,1997-1998,NA,NA,NA,NA
33,LBN002,Hordeum,LRC_SSD_IG_120612,AB_04250,NA,113,30,153,CE9811,NA,1997-1998,NA,NA,NA,NA
33,LBN002,Hordeum,LRC_SSD_IG_120613,AB_04251,NA,103,32,159,CE9811,NA,1997-1998,NA,NA,NA,NA
33,LBN002,Hordeum,LRC_SSD_IG_120615,AB_04007,NA,108,40,159,CE9811,NA,1997-1998,NA,NA,NA,NA
33,LBN002,Hordeum,LRC_SSD_IG_120620,AB_04377,NA,118,38,159,CE9811,NA,1997-1998,NA,NA,NA,NA
33,LBN002,Hordeum,LRC_SSD_IG_120621,AB_04076,NA,113,42,153,CE9811,NA,1997-1998,NA,NA,NA,NA
33,LBN002,Hordeum,LRC_SSD_IG_120643,AB_04469,NA,113,40,153,CE9811,NA,1997-1998,NA,NA,NA,NA
33,LBN002,Hordeum,LRC_SSD_IG_120669,AB_04336,NA,113,34,142,CE9811,NA,1997-1998,NA,NA,NA,NA
33,LBN002,Hordeum,LRC_SSD_IG_120680,AB_04166,NA,118,42,142,CE9811,NA,1997-1998,NA,NA,NA,NA
33,LBN002,Hordeum,LRC_SSD_IG_120684,AB_04443,NA,108,48,142,CE9811,NA,1997-1998,NA,NA,NA,NA
34,LBN002,Hordeum,LRC_SSD_IG_120496,AB_04550,NA,108,27.7,127,CE9903,NA,1998-1999,NA,NA,NA,NA
34,LBN002,Hordeum,LRC_SSD_IG_120497,AB_04004,NA,105,35.5,135,CE9903,NA,1998-1999,NA,NA,NA,NA
34,LBN002,Hordeum,LRC_SSD_IG_120498,AB_04467,NA,92,33.3,131,CE9903,NA,1998-1999,NA,NA,NA,NA
34,LBN002,Hordeum,LRC_SSD_IG_120499,AB_04317,NA,82,38.2,144,CE9903,NA,1998-1999,NA,NA,NA,NA
34,LBN002,Hordeum,LRC_SSD_IG_120513,AB_04248,NA,97,38.6,131,CE9903,NA,1998-1999,NA,NA,NA,NA
34,LBN002,Hordeum,LRC_SSD_IG_120514,AB_04249,NA,103,35.9,124,CE9903,NA,1998-1999,NA,NA,NA,NA
34,LBN002,Hordeum,LRC_SSD_IG_120516,AB_04220,NA,99,29.9,126,CE9903,NA,1998-1999,NA,NA,NA,NA
34,LBN002,Hordeum,LRC_SSD_IG_120518,AB_04318,NA,98,34.1,124,CE9903,NA,1998-1999,NA,NA,NA,NA
34,LBN002,Hordeum,LRC_SSD_IG_120524,AB_04468,NA,95,22.6,135,CE9903,NA,1998-1999,NA,NA,NA,NA
34,LBN002,Hordeum,LRC_SSD_IG_120536,AB_04344,NA,97,26,131,CE9903,NA,1998-1999,NA,NA,NA,NA
34,LBN002,Hordeum,LRC_SSD_IG_120567,AB_04521,NA,86,32.7,133,CE9903,NA,1998-1999,NA,NA,NA,NA
34,LBN002,Hordeum,LRC_SSD_IG_120575,AB_04165,NA,99,26.6,128,CE9903,NA,1998-1999,NA,NA,NA,NA
34,LBN002,Hordeum,LRC_SSD_IG_120577,AB_04442,NA,81,33.9,143,CE9903,NA,1998-1999,NA,NA,NA,NA
34,LBN002,Hordeum,LRC_SSD_IG_120580,AB_04075,NA,98,33,133,CE9903,NA,1998-1999,NA,NA,NA,NA
34,LBN002,Hordeum,LRC_SSD_IG_120581,AB_04005,NA,88,26.6,135,CE9903,NA,1998-1999,NA,NA,NA,NA
34,LBN002,Hordeum,LRC_SSD_IG_120582,AB_04551,NA,90,33.1,135,CE9903,NA,1998-1999,NA,NA,NA,NA
34,LBN002,Hordeum,LRC_SSD_IG_120585,AB_04319,NA,99,29.3,135,CE9903,NA,1998-1999,NA,NA,NA,NA
34,LBN002,Hordeum,LRC_SSD_IG_120588,AB_04006,NA,106,30.8,133,CE9903,NA,1998-1999,NA,NA,NA,NA
34,LBN002,Hordeum,LRC_SSD_IG_120589,AB_04395,NA,98,30.7,135,CE9903,NA,1998-1999,NA,NA,NA,NA
34,LBN002,Hordeum,LRC_SSD_IG_120592,AB_04552,NA,104,27.1,135,CE9903,NA,1998-1999,NA,NA,NA,NA
34,LBN002,Hordeum,LRC_SSD_IG_120593,AB_04396,NA,88,34.5,124,CE9903,NA,1998-1999,NA,NA,NA,NA
34,LBN002,Hordeum,LRC_SSD_IG_120612,AB_04250,NA,73,41.7,130,CE9903,NA,1998-1999,NA,NA,NA,NA
34,LBN002,Hordeum,LRC_SSD_IG_120613,AB_04251,NA,99,27,135,CE9903,NA,1998-1999,NA,NA,NA,NA
34,LBN002,Hordeum,LRC_SSD_IG_120615,AB_04007,NA,98,36.2,135,CE9903,NA,1998-1999,NA,NA,NA,NA
34,LBN002,Hordeum,LRC_SSD_IG_120620,AB_04377,NA,85,30,140,CE9903,NA,1998-1999,NA,NA,NA,NA
34,LBN002,Hordeum,LRC_SSD_IG_120621,AB_04076,NA,96,33,135,CE9903,NA,1998-1999,NA,NA,NA,NA
34,LBN002,Hordeum,LRC_SSD_IG_120643,AB_04469,NA,95,34.7,132,CE9903,NA,1998-1999,NA,NA,NA,NA
34,LBN002,Hordeum,LRC_SSD_IG_120669,AB_04336,NA,104,31.6,120,CE9903,NA,1998-1999,NA,NA,NA,NA
34,LBN002,Hordeum,LRC_SSD_IG_120680,AB_04166,NA,107,24.1,120,CE9903,NA,1998-1999,NA,NA,NA,NA
34,LBN002,Hordeum,LRC_SSD_IG_120684,AB_04443,NA,86,40.8,124,CE9903,NA,1998-1999,NA,NA,NA,NA
34,LBN002,Hordeum,LRC_SSD_IG_125626,AB_04188,NA,103,38.3,131,CE9903,NA,1998-1999,NA,NA,NA,NA
34,LBN002,Hordeum,LRC_SSD_IG_125670,AB_04024,NA,93,29.4,118,CE9903,NA,1998-1999,NA,NA,NA,NA
34,LBN002,Hordeum,LRC_SSD_IG_125710,AB_04291,NA,96,43,119,CE9903,NA,1998-1999,NA,NA,NA,NA
34,LBN002,Hordeum,LRC_SSD_IG_125714,AB_04063,NA,83,26,124,CE9903,NA,1998-1999,NA,NA,NA,NA
34,LBN002,Hordeum,LRC_SSD_IG_125787,AB_04397,NA,85,26.1,133,CE9903,NA,1998-1999,NA,NA,NA,NA
34,LBN002,Hordeum,LRC_SSD_IG_125790,AB_04320,NA,104,32.8,128,CE9903,NA,1998-1999,NA,NA,NA,NA
34,LBN002,Hordeum,LRC_SSD_IG_125792,AB_04553,NA,91,34.5,117,CE9903,NA,1998-1999,NA,NA,NA,NA
34,LBN002,Hordeum,LRC_SSD_IG_125795,AB_04522,NA,109,29,130,CE9903,NA,1998-1999,NA,NA,NA,NA
34,LBN002,Hordeum,LRC_SSD_IG_125801,AB_04444,NA,97,26.7,124,CE9903,NA,1998-1999,NA,NA,NA,NA
34,LBN002,Hordeum,LRC_SSD_IG_125898,AB_04097,NA,115,37,120,CE9903,NA,1998-1999,NA,NA,NA,NA
4,LBN002,Hordeum,LRC_SSD_IG_110857,AB_04412,NA,109,51,131,CE0106,NA,2000-2001,NA,NA,NA,NA
4,LBN002,Hordeum,LRC_SSD_IG_128074,AB_04252,NA,106,35,135,CE0106,NA,2000-2001,NA,NA,NA,NA
4,LBN002,Hordeum,LRC_SSD_IG_128079,AB_04064,NA,109,44,135,CE0106,NA,2000-2001,NA,NA,NA,NA
4,LBN002,Hordeum,LRC_SSD_IG_128082,AB_04137,NA,100,47,124,CE0106,NA,2000-2001,NA,NA,NA,NA
4,LBN002,Hordeum,LRC_SSD_IG_128083,AB_03978,NA,115,36,135,CE0106,NA,2000-2001,NA,NA,NA,NA
4,LBN002,Hordeum,LRC_SSD_IG_128111,AB_04138,NA,107,26,124,CE0106,NA,2000-2001,NA,NA,NA,NA
4,LBN002,Hordeum,LRC_SSD_IG_128114,AB_04523,NA,87,42,124,CE0106,NA,2000-2001,NA,NA,NA,NA
4,LBN002,Hordeum,LRC_SSD_IG_128116,AB_04445,NA,105,44,135,CE0106,NA,2000-2001,NA,NA,NA,NA
4,LBN002,Hordeum,LRC_SSD_IG_128117,AB_04139,NA,123,40,131,CE0106,NA,2000-2001,NA,NA,NA,NA
4,LBN002,Hordeum,LRC_SSD_IG_128118,AB_04398,NA,81,45,124,CE0106,NA,2000-2001,NA,NA,NA,NA
4,LBN002,Hordeum,LRC_SSD_IG_128119,AB_04321,NA,93,44,126,CE0106,NA,2000-2001,NA,NA,NA,NA
4,LBN002,Hordeum,LRC_SSD_IG_128136,AB_04009,NA,86,36,120,CE0106,NA,2000-2001,NA,NA,NA,NA
4,LBN002,Hordeum,LRC_SSD_IG_128140,AB_04140,NA,91,41,135,CE0106,NA,2000-2001,NA,NA,NA,NA
4,LBN002,Hordeum,LRC_SSD_IG_128141,AB_04378,NA,106,40,135,CE0106,NA,2000-2001,NA,NA,NA,NA
4,LBN002,Hordeum,LRC_SSD_IG_128147,AB_04012,NA,114,44,131,CE0106,NA,2000-2001,NA,NA,NA,NA
4,LBN002,Hordeum,LRC_SSD_IG_128152,AB_04524,NA,98,46,135,CE0106,NA,2000-2001,NA,NA,NA,NA
4,LBN002,Hordeum,LRC_SSD_IG_128153,AB_04446,NA,106,38,131,CE0106,NA,2000-2001,NA,NA,NA,NA
4,LBN002,Hordeum,LRC_SSD_IG_128164,AB_03979,NA,117,30,135,CE0106,NA,2000-2001,NA,NA,NA,NA
4,LBN002,Hordeum,LRC_SSD_IG_31513,AB_04432,NA,80,39,118,CE0106,NA,2000-2001,NA,NA,NA,NA
4,LBN002,Hordeum,LRC_SSD_IG_31522,AB_04400,NA,77,43,120,CE0106,NA,2000-2001,NA,NA,NA,NA
4,LBN002,Hordeum,LRC_SSD_IG_31870,AB_04380,NA,83,38,110,CE0106,NA,2000-2001,NA,NA,NA,NA
4,LBN002,Hordeum,LRC_SSD_IG_31876,AB_04065,NA,105,51,124,CE0106,NA,2000-2001,NA,NA,NA,NA
4,LBN002,Hordeum,LRC_SSD_IG_31891,AB_04123,NA,109,48,126,CE0106,NA,2000-2001,NA,NA,NA,NA
4,LBN002,Hordeum,LRC_SSD_IG_31923,AB_04225,NA,101,53,124,CE0106,NA,2000-2001,NA,NA,NA,NA
4,LBN002,Hordeum,LRC_SSD_IG_31927,AB_04366,NA,105,49,124,CE0106,NA,2000-2001,NA,NA,NA,NA
4,LBN002,Hordeum,LRC_SSD_IG_31935,AB_03965,NA,112,47,120,CE0106,NA,2000-2001,NA,NA,NA,NA
4,LBN002,Hordeum,LRC_SSD_IG_31938,AB_04296,NA,111,41,113,CE0106,NA,2000-2001,NA,NA,NA,NA
4,LBN002,Hordeum,LRC_SSD_IG_31942,AB_04509,NA,104,43,118,CE0106,NA,2000-2001,NA,NA,NA,NA
4,LBN002,Hordeum,LRC_SSD_IG_31945,AB_04049,NA,103,51,118,CE0106,NA,2000-2001,NA,NA,NA,NA
4,LBN002,Hordeum,LRC_SSD_IG_31968,AB_03966,NA,105,44,131,CE0106,NA,2000-2001,NA,NA,NA,NA
4,LBN002,Hordeum,LRC_SSD_IG_31975,AB_04457,NA,97,41,131,CE0106,NA,2000-2001,NA,NA,NA,NA
4,LBN002,Hordeum,LRC_SSD_IG_31988,AB_04285,NA,95,49,124,CE0106,NA,2000-2001,NA,NA,NA,NA
4,LBN002,Hordeum,LRC_SSD_IG_31995,AB_04286,NA,95,46,124,CE0106,NA,2000-2001,NA,NA,NA,NA
4,LBN002,Hordeum,LRC_SSD_IG_32000,AB_04367,NA,118,49,126,CE0106,NA,2000-2001,NA,NA,NA,NA
4,LBN002,Hordeum,LRC_SSD_IG_32004,AB_04461,NA,112,39,131,CE0106,NA,2000-2001,NA,NA,NA,NA
4,LBN002,Hordeum,LRC_SSD_IG_32012,AB_04226,NA,100,48,126,CE0106,NA,2000-2001,NA,NA,NA,NA
4,LBN002,Hordeum,LRC_SSD_IG_32022,AB_04083,NA,100,45,126,CE0106,NA,2000-2001,NA,NA,NA,NA
4,LBN002,Hordeum,LRC_SSD_IG_32031,AB_04145,NA,102,47,124,CE0106,NA,2000-2001,NA,NA,NA,NA
4,LBN002,Hordeum,LRC_SSD_IG_32037,AB_04433,NA,110,52,126,CE0106,NA,2000-2001,NA,NA,NA,NA
4,LBN002,Hordeum,LRC_SSD_IG_32041,AB_04084,NA,112,47,131,CE0106,NA,2000-2001,NA,NA,NA,NA
4,LBN002,Hordeum,LRC_SSD_IG_32066,AB_04051,NA,111,48,131,CE0106,NA,2000-2001,NA,NA,NA,NA
4,LBN002,Hordeum,LRC_SSD_IG_32083,AB_04206,NA,105,45,126,CE0106,NA,2000-2001,NA,NA,NA,NA
4,LBN002,Hordeum,LRC_SSD_IG_32088,AB_04450,NA,92,51,126,CE0106,NA,2000-2001,NA,NA,NA,NA
4,LBN002,Hordeum,LRC_SSD_IG_32575,AB_04539,NA,87,41,120,CE0106,NA,2000-2001,NA,NA,NA,NA
4,LBN002,Hordeum,LRC_SSD_IG_32596,AB_04555,NA,74,44,120,CE0106,NA,2000-2001,NA,NA,NA,NA
4,LBN002,Hordeum,LRC_SSD_IG_32598,AB_04078,NA,75,45,120,CE0106,NA,2000-2001,NA,NA,NA,NA
4,LBN002,Hordeum,LRC_SSD_IG_32710,AB_04510,NA,109,48,126,CE0106,NA,2000-2001,NA,NA,NA,NA
4,LBN002,Hordeum,LRC_SSD_IG_32733,AB_04434,NA,102,47,131,CE0106,NA,2000-2001,NA,NA,NA,NA
4,LBN002,Hordeum,LRC_SSD_IG_32774,AB_03994,NA,84,40,124,CE0106,NA,2000-2001,NA,NA,NA,NA
4,LBN002,Hordeum,LRC_SSD_IG_32801,AB_03968,NA,83,49,120,CE0106,NA,2000-2001,NA,NA,NA,NA
4,LBN002,Hordeum,LRC_SSD_IG_32803,AB_04463,NA,84,47,124,CE0106,NA,2000-2001,NA,NA,NA,NA
4,LBN002,Hordeum,LRC_SSD_IG_32804,AB_04239,NA,87,45,124,CE0106,NA,2000-2001,NA,NA,NA,NA
4,LBN002,Hordeum,LRC_SSD_IG_33029,AB_04466,NA,100,51,126,CE0106,NA,2000-2001,NA,NA,NA,NA
4,LBN002,Hordeum,LRC_SSD_IG_33063,AB_04155,NA,106,31,118,CE0106,NA,2000-2001,NA,NA,NA,NA
4,LBN002,Hordeum,LRC_SSD_IG_33088,AB_04368,NA,97,34,124,CE0106,NA,2000-2001,NA,NA,NA,NA
4,LBN002,Hordeum,LRC_SSD_IG_35377,AB_04209,NA,105,49,118,CE0106,NA,2000-2001,NA,NA,NA,NA
4,LBN002,Hordeum,LRC_SSD_IG_35380,AB_03969,NA,100,57,126,CE0106,NA,2000-2001,NA,NA,NA,NA
4,LBN002,Hordeum,LRC_SSD_IG_35385,AB_04514,NA,103,57,126,CE0106,NA,2000-2001,NA,NA,NA,NA
4,LBN002,Hordeum,LRC_SSD_IG_35390,AB_04128,NA,104,44,120,CE0106,NA,2000-2001,NA,NA,NA,NA
4,LBN002,Hordeum,LRC_SSD_IG_35398,AB_04056,NA,105,52,126,CE0106,NA,2000-2001,NA,NA,NA,NA
4,LBN002,Hordeum,LRC_SSD_IG_35399,AB_03971,NA,110,54,126,CE0106,NA,2000-2001,NA,NA,NA,NA
5,LBN002,Hordeum,LRC_SSD_IG_125792,AB_04553,NA,122,NA,145,CE0207,NA,2001-2002,NA,NA,NA,NA
6,LBN002,Hordeum,LRC_SSD_IG_132314,AB_04379,NA,81,40,151,CE0211,NA,2001-2002,NA,NA,NA,NA
6,LBN002,Hordeum,LRC_SSD_IG_132386,AB_04447,NA,109,38,138,CE0211,NA,2001-2002,NA,NA,NA,NA
5,LBN002,Hordeum,LRC_SSD_IG_33021,AB_04126,NA,112,NA,141,CE0207,NA,2001-2002,NA,NA,NA,NA
5,LBN002,Hordeum,LRC_SSD_IG_35188,AB_04263,NA,86,NA,121,CE0207,NA,2001-2002,NA,NA,NA,NA
5,LBN002,Hordeum,LRC_SSD_IG_35407,AB_04244,NA,93,NA,128,CE0207,NA,2001-2002,NA,NA,NA,NA
5,LBN002,Hordeum,LRC_SSD_IG_37066,AB_04484,NA,109,NA,145,CE0207,NA,2001-2002,NA,NA,NA,NA
5,LBN002,Hordeum,LRC_SSD_IG_37784,AB_04132,NA,110,NA,132,CE0207,NA,2001-2002,NA,NA,NA,NA
5,LBN002,Hordeum,LRC_SSD_IG_37800,AB_03974,NA,98,NA,134,CE0207,NA,2001-2002,NA,NA,NA,NA
7,LBN002,Hordeum,LRC_SSD_IG_136437,AB_04569,NA,93,39,135,CE0511,NA,2004-2005,NA,NA,NA,NA
7,LBN002,Hordeum,LRC_SSD_IG_136725,AB_04337,NA,100,49,133,CE0511,NA,2004-2005,NA,NA,NA,NA
7,LBN002,Hordeum,LRC_SSD_IG_37619,AB_04185,NA,79,40,120,CE0511,NA,2004-2005,NA,NA,NA,NA
8,LBN002,Hordeum,LRC_SSD_IG_28959,AB_04177,NA,61,31,143,CE0802,NA,2007-2008,NA,NA,NA,NA
8,LBN002,Hordeum,LRC_SSD_IG_33006,AB_03995,NA,65,35,146,CE0802,NA,2007-2008,NA,NA,NA,NA
8,LBN002,Hordeum,LRC_SSD_IG_33015,AB_04052,NA,70,34,139,CE0802,NA,2007-2008,NA,NA,NA,NA
8,LBN002,Hordeum,LRC_SSD_IG_33026,AB_04241,NA,68,31,139,CE0802,NA,2007-2008,NA,NA,NA,NA
8,LBN002,Hordeum,LRC_SSD_IG_33054,AB_04390,NA,78,39,139,CE0802,NA,2007-2008,NA,NA,NA,NA
8,LBN002,Hordeum,LRC_SSD_IG_33056,AB_04053,NA,78,40,139,CE0802,NA,2007-2008,NA,NA,NA,NA
8,LBN002,Hordeum,LRC_SSD_IG_35392,AB_03999,NA,63,33,141,CE0802,NA,2007-2008,NA,NA,NA,NA
8,LBN002,Hordeum,LRC_SSD_IG_39927,AB_04290,NA,70,37,141,CE0802,NA,2007-2008,NA,NA,NA,NA
10,LBN002,Hordeum,LRC_SSD_IG_110857,AB_04412,NA,65,34,123,CE0915,NA,2008-2009,NA,NA,NA,NA
10,LBN002,Hordeum,LRC_SSD_IG_115970,AB_04217,NA,55,28,125,CE0915,NA,2008-2009,NA,NA,NA,NA
10,LBN002,Hordeum,LRC_SSD_IG_115978,AB_04440,NA,63,26,130,CE0915,NA,2008-2009,NA,NA,NA,NA
10,LBN002,Hordeum,LRC_SSD_IG_115985,AB_04218,NA,60,30,123,CE0915,NA,2008-2009,NA,NA,NA,NA
10,LBN002,Hordeum,LRC_SSD_IG_115990,AB_04219,NA,65,34,123,CE0915,NA,2008-2009,NA,NA,NA,NA
11,LBN002,Hordeum,LRC_SSD_IG_143868,AB_04189,NA,63,NA,NA,CE0919,NA,2008-2009,NA,NA,NA,NA
11,LBN002,Hordeum,LRC_SSD_IG_143902,AB_04268,NA,100,NA,NA,CE0919,NA,2008-2009,NA,NA,NA,NA
11,LBN002,Hordeum,LRC_SSD_IG_143953,AB_04383,NA,88,NA,NA,CE0919,NA,2008-2009,NA,NA,NA,NA
11,LBN002,Hordeum,LRC_SSD_IG_144002,AB_03980,NA,100,NA,NA,CE0919,NA,2008-2009,NA,NA,NA,NA
11,LBN002,Hordeum,LRC_SSD_IG_144019,AB_04227,NA,80,NA,NA,CE0919,NA,2008-2009,NA,NA,NA,NA
11,LBN002,Hordeum,LRC_SSD_IG_144060,AB_04292,NA,85,NA,NA,CE0919,NA,2008-2009,NA,NA,NA,NA
11,LBN002,Hordeum,LRC_SSD_IG_144061,AB_04525,NA,105,NA,NA,CE0919,NA,2008-2009,NA,NA,NA,NA
9,LBN002,Hordeum,LRC_SSD_IG_144153,AB_04180,NA,93,26,118,CE0905,NA,2008-2009,NA,NA,NA,NA
9,LBN002,Hordeum,LRC_SSD_IG_144155,AB_04293,NA,100,38,130,CE0905,NA,2008-2009,NA,NA,NA,NA
9,LBN002,Hordeum,LRC_SSD_IG_144156,AB_04294,NA,90,42,123,CE0905,NA,2008-2009,NA,NA,NA,NA
10,LBN002,Hordeum,LRC_SSD_IG_18786,AB_04571,NA,53,33,108,CE0915,NA,2008-2009,NA,NA,NA,NA
10,LBN002,Hordeum,LRC_SSD_IG_18836,AB_04260,NA,68,36,120,CE0915,NA,2008-2009,NA,NA,NA,NA
10,LBN002,Hordeum,LRC_SSD_IG_19948,AB_04271,NA,73,29,130,CE0915,NA,2008-2009,NA,NA,NA,NA
10,LBN002,Hordeum,LRC_SSD_IG_25828,AB_04257,NA,70,30,94,CE0915,NA,2008-2009,NA,NA,NA,NA
10,LBN002,Hordeum,LRC_SSD_IG_27259,AB_03958,NA,70,32,115,CE0915,NA,2008-2009,NA,NA,NA,NA
10,LBN002,Hordeum,LRC_SSD_IG_27265,AB_04471,NA,60,31.5,125,CE0915,NA,2008-2009,NA,NA,NA,NA
10,LBN002,Hordeum,LRC_SSD_IG_28727,AB_04357,NA,53,31,127,CE0915,NA,2008-2009,NA,NA,NA,NA
10,LBN002,Hordeum,LRC_SSD_IG_28729,AB_04200,NA,58,28,117,CE0915,NA,2008-2009,NA,NA,NA,NA
9,LBN002,Hordeum,LRC_SSD_IG_31413,AB_04153,NA,93,30,136,CE0905,NA,2008-2009,NA,NA,NA,NA
9,LBN002,Hordeum,LRC_SSD_IG_32715,AB_04237,NA,85,36.5,130,CE0905,NA,2008-2009,NA,NA,NA,NA
9,LBN002,Hordeum,LRC_SSD_IG_32728,AB_04287,NA,105,50,130,CE0905,NA,2008-2009,NA,NA,NA,NA
9,LBN002,Hordeum,LRC_SSD_IG_32748,AB_04238,NA,95,34,130,CE0905,NA,2008-2009,NA,NA,NA,NA
9,LBN002,Hordeum,LRC_SSD_IG_32756,AB_04349,NA,80,38,118,CE0905,NA,2008-2009,NA,NA,NA,NA
9,LBN002,Hordeum,LRC_SSD_IG_32777,AB_04304,NA,88,42,115,CE0905,NA,2008-2009,NA,NA,NA,NA
9,LBN002,Hordeum,LRC_SSD_IG_32802,AB_04207,NA,90,41,115,CE0905,NA,2008-2009,NA,NA,NA,NA
9,LBN002,Hordeum,LRC_SSD_IG_33005,AB_04288,NA,100,48,121,CE0905,NA,2008-2009,NA,NA,NA,NA
9,LBN002,Hordeum,LRC_SSD_IG_33007,AB_04540,NA,98,46,124,CE0905,NA,2008-2009,NA,NA,NA,NA
9,LBN002,Hordeum,LRC_SSD_IG_33008,AB_04389,NA,99,47.5,124,CE0905,NA,2008-2009,NA,NA,NA,NA
9,LBN002,Hordeum,LRC_SSD_IG_33010,AB_04305,NA,103,46,124,CE0905,NA,2008-2009,NA,NA,NA,NA
10,LBN002,Hordeum,LRC_SSD_IG_33015,AB_04052,NA,65,32,117,CE0915,NA,2008-2009,NA,NA,NA,NA
9,LBN002,Hordeum,LRC_SSD_IG_33017,AB_04208,NA,95,50,123,CE0905,NA,2008-2009,NA,NA,NA,NA
10,LBN002,Hordeum,LRC_SSD_IG_33017,AB_04208,NA,60,37,115,CE0915,NA,2008-2009,NA,NA,NA,NA
10,LBN002,Hordeum,LRC_SSD_IG_33021,AB_04126,NA,60,36,115,CE0915,NA,2008-2009,NA,NA,NA,NA
9,LBN002,Hordeum,LRC_SSD_IG_33024,AB_04240,NA,90,46,125,CE0905,NA,2008-2009,NA,NA,NA,NA
10,LBN002,Hordeum,LRC_SSD_IG_33026,AB_04241,NA,68,36,115,CE0915,NA,2008-2009,NA,NA,NA,NA
9,LBN002,Hordeum,LRC_SSD_IG_33042,AB_04541,NA,103,46,123,CE0905,NA,2008-2009,NA,NA,NA,NA
10,LBN002,Hordeum,LRC_SSD_IG_33042,AB_04541,NA,58,32,120,CE0915,NA,2008-2009,NA,NA,NA,NA
9,LBN002,Hordeum,LRC_SSD_IG_33043,AB_04542,NA,90,43.6,125,CE0905,NA,2008-2009,NA,NA,NA,NA
9,LBN002,Hordeum,LRC_SSD_IG_33051,AB_04543,NA,89,39,125,CE0905,NA,2008-2009,NA,NA,NA,NA
9,LBN002,Hordeum,LRC_SSD_IG_33052,AB_04544,NA,93,46,123,CE0905,NA,2008-2009,NA,NA,NA,NA
10,LBN002,Hordeum,LRC_SSD_IG_33054,AB_04390,NA,60,36,115,CE0915,NA,2008-2009,NA,NA,NA,NA
10,LBN002,Hordeum,LRC_SSD_IG_33056,AB_04053,NA,68,36,115,CE0915,NA,2008-2009,NA,NA,NA,NA
9,LBN002,Hordeum,LRC_SSD_IG_33059,AB_03996,NA,90,49,125,CE0905,NA,2008-2009,NA,NA,NA,NA
9,LBN002,Hordeum,LRC_SSD_IG_33065,AB_04435,NA,93,38,136,CE0905,NA,2008-2009,NA,NA,NA,NA
10,LBN002,Hordeum,LRC_SSD_IG_33088,AB_04368,NA,63,26,120,CE0915,NA,2008-2009,NA,NA,NA,NA
9,LBN002,Hordeum,LRC_SSD_IG_33092,AB_04054,NA,80,44,118,CE0905,NA,2008-2009,NA,NA,NA,NA
9,LBN002,Hordeum,LRC_SSD_IG_33104,AB_04369,NA,103,44,133,CE0905,NA,2008-2009,NA,NA,NA,NA
9,LBN002,Hordeum,LRC_SSD_IG_35201,AB_04545,NA,70,40,118,CE0905,NA,2008-2009,NA,NA,NA,NA
10,LBN002,Hordeum,LRC_SSD_IG_35220,AB_04391,NA,48,38,120,CE0915,NA,2008-2009,NA,NA,NA,NA
10,LBN002,Hordeum,LRC_SSD_IG_35274,AB_04157,NA,53,38,107,CE0915,NA,2008-2009,NA,NA,NA,NA
10,LBN002,Hordeum,LRC_SSD_IG_35276,AB_04546,NA,45,35,120,CE0915,NA,2008-2009,NA,NA,NA,NA
10,LBN002,Hordeum,LRC_SSD_IG_35278,AB_04055,NA,53,36,103,CE0915,NA,2008-2009,NA,NA,NA,NA
10,LBN002,Hordeum,LRC_SSD_IG_35280,AB_04547,NA,60,34,101,CE0915,NA,2008-2009,NA,NA,NA,NA
10,LBN002,Hordeum,LRC_SSD_IG_35291,AB_04243,NA,58,36,108,CE0915,NA,2008-2009,NA,NA,NA,NA
10,LBN002,Hordeum,LRC_SSD_IG_35292,AB_04158,NA,58,32.5,101,CE0915,NA,2008-2009,NA,NA,NA,NA
10,LBN002,Hordeum,LRC_SSD_IG_35308,AB_04073,NA,50,40,108,CE0915,NA,2008-2009,NA,NA,NA,NA
10,LBN002,Hordeum,LRC_SSD_IG_35313,AB_04079,NA,50,40,108,CE0915,NA,2008-2009,NA,NA,NA,NA
10,LBN002,Hordeum,LRC_SSD_IG_35329,AB_04512,NA,50,38,117,CE0915,NA,2008-2009,NA,NA,NA,NA
10,LBN002,Hordeum,LRC_SSD_IG_35341,AB_04464,NA,50,38,115,CE0915,NA,2008-2009,NA,NA,NA,NA
10,LBN002,Hordeum,LRC_SSD_IG_35343,AB_04325,NA,55,32,107,CE0915,NA,2008-2009,NA,NA,NA,NA
10,LBN002,Hordeum,LRC_SSD_IG_35347,AB_04159,NA,63,35.5,108,CE0915,NA,2008-2009,NA,NA,NA,NA
10,LBN002,Hordeum,LRC_SSD_IG_35348,AB_04465,NA,58,38,108,CE0915,NA,2008-2009,NA,NA,NA,NA
10,LBN002,Hordeum,LRC_SSD_IG_35351,AB_04308,NA,55,42,108,CE0915,NA,2008-2009,NA,NA,NA,NA
10,LBN002,Hordeum,LRC_SSD_IG_35354,AB_04326,NA,55,30.9,108,CE0915,NA,2008-2009,NA,NA,NA,NA
10,LBN002,Hordeum,LRC_SSD_IG_35380,AB_03969,NA,75,40,107,CE0915,NA,2008-2009,NA,NA,NA,NA
10,LBN002,Hordeum,LRC_SSD_IG_35382,AB_03970,NA,68,38,115,CE0915,NA,2008-2009,NA,NA,NA,NA
10,LBN002,Hordeum,LRC_SSD_IG_35385,AB_04514,NA,68,36,115,CE0915,NA,2008-2009,NA,NA,NA,NA
10,LBN002,Hordeum,LRC_SSD_IG_35390,AB_04128,NA,65,30,120,CE0915,NA,2008-2009,NA,NA,NA,NA
10,LBN002,Hordeum,LRC_SSD_IG_35398,AB_04056,NA,68,38,120,CE0915,NA,2008-2009,NA,NA,NA,NA
9,LBN002,Hordeum,LRC_SSD_IG_35432,AB_04000,NA,73,46,121,CE0905,NA,2008-2009,NA,NA,NA,NA
10,LBN002,Hordeum,LRC_SSD_IG_37564,AB_04343,NA,68,30,103,CE0915,NA,2008-2009,NA,NA,NA,NA
10,LBN002,Hordeum,LRC_SSD_IG_37784,AB_04132,NA,65,37,105,CE0915,NA,2008-2009,NA,NA,NA,NA
10,LBN002,Hordeum,LRC_SSD_IG_37788,AB_04133,NA,58,36,99,CE0915,NA,2008-2009,NA,NA,NA,NA
9,LBN002,Hordeum,LRC_SSD_IG_38207,AB_04501,NA,103,30,111,CE0905,NA,2008-2009,NA,NA,NA,NA
9,LBN002,Hordeum,LRC_SSD_IG_38285,AB_04311,NA,73,38,115,CE0905,NA,2008-2009,NA,NA,NA,NA
9,LBN002,Hordeum,LRC_SSD_IG_38519,AB_04495,NA,95,34,133,CE0905,NA,2008-2009,NA,NA,NA,NA
12,LBN002,Hordeum,LRC_SSD_IG_132278,AB_04345,NA,88,38,109,CE1008,NA,2009-2010,NA,NA,NA,NA
12,LBN002,Hordeum,LRC_SSD_IG_132280,AB_04422,NA,80,42,115,CE1008,NA,2009-2010,NA,NA,NA,NA
12,LBN002,Hordeum,LRC_SSD_IG_132281,AB_04499,NA,75,32,115,CE1008,NA,2009-2010,NA,NA,NA,NA
12,LBN002,Hordeum,LRC_SSD_IG_16877,AB_04147,NA,73,25.5,145,CE1008,NA,2009-2010,NA,NA,NA,NA
12,LBN002,Hordeum,LRC_SSD_IG_16878,AB_04071,NA,85,26.5,138,CE1008,NA,2009-2010,NA,NA,NA,NA
12,LBN002,Hordeum,LRC_SSD_IG_16896,AB_04228,NA,68,32,131,CE1008,NA,2009-2010,NA,NA,NA,NA
12,LBN002,Hordeum,LRC_SSD_IG_16904,AB_04346,NA,75,29,141,CE1008,NA,2009-2010,NA,NA,NA,NA
12,LBN002,Hordeum,LRC_SSD_IG_16906,AB_03985,NA,83,25,138,CE1008,NA,2009-2010,NA,NA,NA,NA
12,LBN002,Hordeum,LRC_SSD_IG_16907,AB_04148,NA,82,32,138,CE1008,NA,2009-2010,NA,NA,NA,NA
12,LBN002,Hordeum,LRC_SSD_IG_16910,AB_04458,NA,75,34,138,CE1008,NA,2009-2010,NA,NA,NA,NA
12,LBN002,Hordeum,LRC_SSD_IG_16916,AB_04229,NA,89,31,135,CE1008,NA,2009-2010,NA,NA,NA,NA
12,LBN002,Hordeum,LRC_SSD_IG_16921,AB_04485,NA,78,29.8,121,CE1008,NA,2009-2010,NA,NA,NA,NA
12,LBN002,Hordeum,LRC_SSD_IG_17017,AB_04387,NA,74,24,135,CE1008,NA,2009-2010,NA,NA,NA,NA
12,LBN002,Hordeum,LRC_SSD_IG_17020,AB_04230,NA,82,28,135,CE1008,NA,2009-2010,NA,NA,NA,NA
14,LBN002,Hordeum,LRC_SSD_IG_110857,AB_04412,NA,60,NA,88,CE1124,NA,2010-2011,NA,NA,NA,NA
14,LBN002,Hordeum,LRC_SSD_IG_115990,AB_04219,NA,64,NA,97,CE1124,NA,2010-2011,NA,NA,NA,NA
13,LBN002,Hordeum,LRC_SSD_IG_144130,AB_04338,NA,68,52,136,CE1109,NA,2010-2011,NA,NA,NA,NA
13,LBN002,Hordeum,LRC_SSD_IG_145637,AB_04098,NA,73,42,125,CE1109,NA,2010-2011,NA,NA,NA,NA
13,LBN002,Hordeum,LRC_SSD_IG_146922,AB_04526,NA,78,48,116,CE1109,NA,2010-2011,NA,NA,NA,NA
13,LBN002,Hordeum,LRC_SSD_IG_147170,AB_04253,NA,95,40,131,CE1109,NA,2010-2011,NA,NA,NA,NA
13,LBN002,Hordeum,LRC_SSD_IG_147267,AB_04141,NA,93,NA,136,CE1109,NA,2010-2011,NA,NA,NA,NA
13,LBN002,Hordeum,LRC_SSD_IG_17168,AB_04502,NA,63,42,131,CE1109,NA,2010-2011,NA,NA,NA,NA
14,LBN002,Hordeum,LRC_SSD_IG_18786,AB_04571,NA,61.5,NA,92,CE1124,NA,2010-2011,NA,NA,NA,NA
14,LBN002,Hordeum,LRC_SSD_IG_25828,AB_04257,NA,60,NA,87,CE1124,NA,2010-2011,NA,NA,NA,NA
14,LBN002,Hordeum,LRC_SSD_IG_33015,AB_04052,NA,52.5,NA,88,CE1124,NA,2010-2011,NA,NA,NA,NA
14,LBN002,Hordeum,LRC_SSD_IG_33026,AB_04241,NA,64,NA,99,CE1124,NA,2010-2011,NA,NA,NA,NA
14,LBN002,Hordeum,LRC_SSD_IG_33042,AB_04541,NA,65,NA,90,CE1124,NA,2010-2011,NA,NA,NA,NA
14,LBN002,Hordeum,LRC_SSD_IG_33088,AB_04368,NA,67.5,NA,93.5,CE1124,NA,2010-2011,NA,NA,NA,NA
14,LBN002,Hordeum,LRC_SSD_IG_35220,AB_04391,NA,55,NA,91.5,CE1124,NA,2010-2011,NA,NA,NA,NA
14,LBN002,Hordeum,LRC_SSD_IG_35278,AB_04055,NA,60,NA,89,CE1124,NA,2010-2011,NA,NA,NA,NA
14,LBN002,Hordeum,LRC_SSD_IG_35308,AB_04073,NA,61.5,NA,95.5,CE1124,NA,2010-2011,NA,NA,NA,NA
14,LBN002,Hordeum,LRC_SSD_IG_35329,AB_04512,NA,59,NA,90,CE1124,NA,2010-2011,NA,NA,NA,NA
14,LBN002,Hordeum,LRC_SSD_IG_35343,AB_04325,NA,59,NA,99,CE1124,NA,2010-2011,NA,NA,NA,NA
14,LBN002,Hordeum,LRC_SSD_IG_35347,AB_04159,NA,60.5,NA,90,CE1124,NA,2010-2011,NA,NA,NA,NA
14,LBN002,Hordeum,LRC_SSD_IG_35348,AB_04465,NA,50,NA,93.5,CE1124,NA,2010-2011,NA,NA,NA,NA
14,LBN002,Hordeum,LRC_SSD_IG_35351,AB_04308,NA,51.5,NA,92.5,CE1124,NA,2010-2011,NA,NA,NA,NA
14,LBN002,Hordeum,LRC_SSD_IG_35382,AB_03970,NA,50,NA,91,CE1124,NA,2010-2011,NA,NA,NA,NA
14,LBN002,Hordeum,LRC_SSD_IG_35390,AB_04128,NA,65.5,NA,91,CE1124,NA,2010-2011,NA,NA,NA,NA
14,LBN002,Hordeum,LRC_SSD_IG_37788,AB_04133,NA,61.5,NA,88,CE1124,NA,2010-2011,NA,NA,NA,NA
37,LBN002,Hordeum,LRC_SSD_IG_17353,AB_04067,NA,NA,36.76,146,CEM1601_ICB,NA,2015-2016,NA,NA,NA,NA
37,LBN002,Hordeum,LRC_SSD_IG_17362,AB_04528,NA,NA,22.96,120,CEM1601_ICB,NA,2015-2016,NA,NA,NA,NA
37,LBN002,Hordeum,LRC_SSD_IG_17370,AB_04452,NA,NA,37.24,146,CEM1601_ICB,NA,2015-2016,NA,NA,NA,NA
37,LBN002,Hordeum,LRC_SSD_IG_19421,AB_04559,NA,NA,41.12,131,CEM1601_ICB,NA,2015-2016,NA,NA,NA,NA
37,LBN002,Hordeum,LRC_SSD_IG_19592,AB_04167,NA,NA,49.16,136,CEM1601_ICB,NA,2015-2016,NA,NA,NA,NA
37,LBN002,Hordeum,LRC_SSD_IG_23583,AB_04298,NA,NA,NA,133,CEM1601_ICB,NA,2015-2016,NA,NA,NA,NA
37,LBN002,Hordeum,LRC_SSD_IG_23585,AB_04529,NA,NA,NA,131,CEM1601_ICB,NA,2015-2016,NA,NA,NA,NA
37,LBN002,Hordeum,LRC_SSD_IG_23597,AB_04530,NA,NA,38.48,146,CEM1601_ICB,NA,2015-2016,NA,NA,NA,NA
37,LBN002,Hordeum,LRC_SSD_IG_24408,AB_04385,NA,NA,36.84,130,CEM1601_ICB,NA,2015-2016,NA,NA,NA,NA
37,LBN002,Hordeum,LRC_SSD_IG_24411,AB_04068,NA,NA,31.96,131,CEM1601_ICB,NA,2015-2016,NA,NA,NA,NA
37,LBN002,Hordeum,LRC_SSD_IG_24415,AB_04531,NA,NA,31.16,130,CEM1601_ICB,NA,2015-2016,NA,NA,NA,NA
37,LBN002,Hordeum,LRC_SSD_IG_24432,AB_04223,NA,NA,NA,131,CEM1601_ICB,NA,2015-2016,NA,NA,NA,NA
37,LBN002,Hordeum,LRC_SSD_IG_24434,AB_04453,NA,NA,31.4,143,CEM1601_ICB,NA,2015-2016,NA,NA,NA,NA
37,LBN002,Hordeum,LRC_SSD_IG_24436,AB_04454,NA,NA,37.2,147,CEM1601_ICB,NA,2015-2016,NA,NA,NA,NA
37,LBN002,Hordeum,LRC_SSD_IG_24441,AB_04069,NA,NA,31.48,144,CEM1601_ICB,NA,2015-2016,NA,NA,NA,NA
37,LBN002,Hordeum,LRC_SSD_IG_24446,AB_04455,NA,NA,31.68,146,CEM1601_ICB,NA,2015-2016,NA,NA,NA,NA
37,LBN002,Hordeum,LRC_SSD_IG_24448,AB_04224,NA,NA,35.04,147,CEM1601_ICB,NA,2015-2016,NA,NA,NA,NA
37,LBN002,Hordeum,LRC_SSD_IG_24453,AB_03982,NA,NA,34.44,142,CEM1601_ICB,NA,2015-2016,NA,NA,NA,NA
37,LBN002,Hordeum,LRC_SSD_IG_24461,AB_04143,NA,NA,35.24,147,CEM1601_ICB,NA,2015-2016,NA,NA,NA,NA
37,LBN002,Hordeum,LRC_SSD_IG_24462,AB_03983,NA,NA,36.4,145,CEM1601_ICB,NA,2015-2016,NA,NA,NA,NA
37,LBN002,Hordeum,LRC_SSD_IG_24464,AB_04144,NA,NA,NA,147,CEM1601_ICB,NA,2015-2016,NA,NA,NA,NA
37,LBN002,Hordeum,LRC_SSD_IG_24466,AB_03984,NA,NA,37.68,147,CEM1601_ICB,NA,2015-2016,NA,NA,NA,NA
37,LBN002,Hordeum,LRC_SSD_IG_24471,AB_04456,NA,NA,31.8,145,CEM1601_ICB,NA,2015-2016,NA,NA,NA,NA
37,LBN002,Hordeum,LRC_SSD_IG_27376,AB_04532,NA,NA,40.68,132,CEM1601_ICB,NA,2015-2016,NA,NA,NA,NA
37,LBN002,Hordeum,LRC_SSD_IG_28277,AB_04299,NA,NA,40.8,104,CEM1601_ICB,NA,2015-2016,NA,NA,NA,NA
35,LBN002,Hordeum,LRC_SSD_IG_112572,AB_04517,NA,82,NA,149,CEL1706,NA,2016-2017,NA,NA,NA,NA
36,LBN002,Hordeum,LRC_SSD_IG_118065,AB_04022,NA,75.5,NA,151,CEL1708,NA,2016-2017,NA,NA,NA,NA
38,LBN002,Hordeum,LRC_SSD_IG_132278,AB_04345,NA,94,NA,103,CEM1703,NA,2016-2017,NA,NA,NA,NA
36,LBN002,Hordeum,LRC_SSD_IG_132314,AB_04379,NA,77.5,NA,146,CEL1708,NA,2016-2017,NA,NA,NA,NA
36,LBN002,Hordeum,LRC_SSD_IG_136437,AB_04569,NA,86.5,NA,149,CEL1708,NA,2016-2017,NA,NA,NA,NA
36,LBN002,Hordeum,LRC_SSD_IG_136725,AB_04337,NA,71.5,NA,146,CEL1708,NA,2016-2017,NA,NA,NA,NA
36,LBN002,Hordeum,LRC_SSD_IG_138176,AB_04473,NA,55,NA,133,CEL1708,NA,2016-2017,NA,NA,NA,NA
38,LBN002,Hordeum,LRC_SSD_IG_143953,AB_04383,NA,101,NA,125,CEM1703,NA,2016-2017,NA,NA,NA,NA
38,LBN002,Hordeum,LRC_SSD_IG_144019,AB_04227,NA,90,NA,125,CEM1703,NA,2016-2017,NA,NA,NA,NA
38,LBN002,Hordeum,LRC_SSD_IG_17365,AB_04384,NA,102,NA,125,CEM1703,NA,2016-2017,NA,NA,NA,NA
36,LBN002,Hordeum,LRC_SSD_IG_17375,AB_04570,NA,67.5,NA,147,CEL1708,NA,2016-2017,NA,NA,NA,NA
36,LBN002,Hordeum,LRC_SSD_IG_18014,AB_04403,NA,102,NA,139,CEL1708,NA,2016-2017,NA,NA,NA,NA
36,LBN002,Hordeum,LRC_SSD_IG_28380,AB_04020,NA,74.5,NA,144,CEL1708,NA,2016-2017,NA,NA,NA,NA
36,LBN002,Hordeum,LRC_SSD_IG_28547,AB_04354,NA,80.5,NA,149,CEL1708,NA,2016-2017,NA,NA,NA,NA
35,LBN002,Hordeum,LRC_SSD_IG_28713,AB_04282,NA,65,NA,132,CEL1706,NA,2016-2017,NA,NA,NA,NA
36,LBN002,Hordeum,LRC_SSD_IG_31513,AB_04432,NA,65,NA,133,CEL1708,NA,2016-2017,NA,NA,NA,NA
38,LBN002,Hordeum,LRC_SSD_IG_31864,AB_04221,NA,98,NA,105,CEM1703,NA,2016-2017,NA,NA,NA,NA
38,LBN002,Hordeum,LRC_SSD_IG_31865,AB_04527,NA,105,NA,105,CEM1703,NA,2016-2017,NA,NA,NA,NA
38,LBN002,Hordeum,LRC_SSD_IG_31866,AB_04448,NA,97,NA,105,CEM1703,NA,2016-2017,NA,NA,NA,NA
38,LBN002,Hordeum,LRC_SSD_IG_31870,AB_04380,NA,84,NA,78,CEM1703,NA,2016-2017,NA,NA,NA,NA
38,LBN002,Hordeum,LRC_SSD_IG_31876,AB_04065,NA,99,NA,100,CEM1703,NA,2016-2017,NA,NA,NA,NA
38,LBN002,Hordeum,LRC_SSD_IG_31923,AB_04225,NA,92,NA,105,CEM1703,NA,2016-2017,NA,NA,NA,NA
38,LBN002,Hordeum,LRC_SSD_IG_31938,AB_04296,NA,106,NA,98,CEM1703,NA,2016-2017,NA,NA,NA,NA
38,LBN002,Hordeum,LRC_SSD_IG_31973,AB_04381,NA,103,NA,109,CEM1703,NA,2016-2017,NA,NA,NA,NA
38,LBN002,Hordeum,LRC_SSD_IG_31975,AB_04457,NA,92,NA,124,CEM1703,NA,2016-2017,NA,NA,NA,NA
38,LBN002,Hordeum,LRC_SSD_IG_32012,AB_04226,NA,93,NA,109,CEM1703,NA,2016-2017,NA,NA,NA,NA
38,LBN002,Hordeum,LRC_SSD_IG_32020,AB_04449,NA,101,NA,106,CEM1703,NA,2016-2017,NA,NA,NA,NA
38,LBN002,Hordeum,LRC_SSD_IG_32022,AB_04083,NA,93,NA,109,CEM1703,NA,2016-2017,NA,NA,NA,NA
38,LBN002,Hordeum,LRC_SSD_IG_32031,AB_04145,NA,102,NA,106,CEM1703,NA,2016-2017,NA,NA,NA,NA
38,LBN002,Hordeum,LRC_SSD_IG_32041,AB_04084,NA,84,NA,124,CEM1703,NA,2016-2017,NA,NA,NA,NA
38,LBN002,Hordeum,LRC_SSD_IG_32088,AB_04450,NA,98,NA,106,CEM1703,NA,2016-2017,NA,NA,NA,NA
36,LBN002,Hordeum,LRC_SSD_IG_32596,AB_04555,NA,60.5,NA,133,CEL1708,NA,2016-2017,NA,NA,NA,NA
36,LBN002,Hordeum,LRC_SSD_IG_32598,AB_04078,NA,99.5,NA,133,CEL1708,NA,2016-2017,NA,NA,NA,NA
36,LBN002,Hordeum,LRC_SSD_IG_32710,AB_04510,NA,81,NA,139,CEL1708,NA,2016-2017,NA,NA,NA,NA
36,LBN002,Hordeum,LRC_SSD_IG_32756,AB_04349,NA,64,NA,133,CEL1708,NA,2016-2017,NA,NA,NA,NA
36,LBN002,Hordeum,LRC_SSD_IG_32777,AB_04304,NA,72,NA,133,CEL1708,NA,2016-2017,NA,NA,NA,NA
36,LBN002,Hordeum,LRC_SSD_IG_32803,AB_04463,NA,69,NA,148,CEL1708,NA,2016-2017,NA,NA,NA,NA
36,LBN002,Hordeum,LRC_SSD_IG_33065,AB_04435,NA,87.5,NA,149,CEL1708,NA,2016-2017,NA,NA,NA,NA
36,LBN002,Hordeum,LRC_SSD_IG_35188,AB_04263,NA,65.5,NA,139,CEL1708,NA,2016-2017,NA,NA,NA,NA
36,LBN002,Hordeum,LRC_SSD_IG_35201,AB_04545,NA,62.5,NA,139,CEL1708,NA,2016-2017,NA,NA,NA,NA
36,LBN002,Hordeum,LRC_SSD_IG_35220,AB_04391,NA,69,NA,140,CEL1708,NA,2016-2017,NA,NA,NA,NA
36,LBN002,Hordeum,LRC_SSD_IG_35377,AB_04209,NA,87,NA,133,CEL1708,NA,2016-2017,NA,NA,NA,NA
36,LBN002,Hordeum,LRC_SSD_IG_35382,AB_03970,NA,83,NA,140,CEL1708,NA,2016-2017,NA,NA,NA,NA
36,LBN002,Hordeum,LRC_SSD_IG_35399,AB_03971,NA,85,NA,139,CEL1708,NA,2016-2017,NA,NA,NA,NA
38,LBN002,Hordeum,LRC_SSD_IG_35405,AB_04451,NA,96,NA,109,CEM1703,NA,2016-2017,NA,NA,NA,NA
38,LBN002,Hordeum,LRC_SSD_IG_35406,AB_04142,NA,105,NA,91,CEM1703,NA,2016-2017,NA,NA,NA,NA
36,LBN002,Hordeum,LRC_SSD_IG_35407,AB_04244,NA,64,NA,133,CEL1708,NA,2016-2017,NA,NA,NA,NA
36,LBN002,Hordeum,LRC_SSD_IG_35754,AB_04371,NA,68.5,NA,140,CEL1708,NA,2016-2017,NA,NA,NA,NA
36,LBN002,Hordeum,LRC_SSD_IG_36642,AB_04483,NA,62,NA,162,CEL1708,NA,2016-2017,NA,NA,NA,NA
36,LBN002,Hordeum,LRC_SSD_IG_37066,AB_04484,NA,77,NA,150,CEL1708,NA,2016-2017,NA,NA,NA,NA
38,LBN002,Hordeum,LRC_SSD_IG_37177,AB_04254,NA,112,NA,123,CEM1703,NA,2016-2017,NA,NA,NA,NA
38,LBN002,Hordeum,LRC_SSD_IG_37180,AB_04382,NA,110,NA,124,CEM1703,NA,2016-2017,NA,NA,NA,NA
38,LBN002,Hordeum,LRC_SSD_IG_37181,AB_03981,NA,103,NA,123,CEM1703,NA,2016-2017,NA,NA,NA,NA
38,LBN002,Hordeum,LRC_SSD_IG_37182,AB_04146,NA,110,NA,124,CEM1703,NA,2016-2017,NA,NA,NA,NA
38,LBN002,Hordeum,LRC_SSD_IG_37183,AB_04297,NA,108,NA,109,CEM1703,NA,2016-2017,NA,NA,NA,NA
38,LBN002,Hordeum,LRC_SSD_IG_37184,AB_04070,NA,99,NA,110,CEM1703,NA,2016-2017,NA,NA,NA,NA
38,LBN002,Hordeum,LRC_SSD_IG_37185,AB_04066,NA,102,NA,125,CEM1703,NA,2016-2017,NA,NA,NA,NA
38,LBN002,Hordeum,LRC_SSD_IG_37186,AB_04222,NA,97,NA,125,CEM1703,NA,2016-2017,NA,NA,NA,NA
36,LBN002,Hordeum,LRC_SSD_IG_38519,AB_04495,NA,78,NA,146,CEL1708,NA,2016-2017,NA,NA,NA,NA
39,LBN002,Hordeum,LRC_SSD_IG_115861,AB_04300,NA,100,NA,NA,CEM1903,NA,2018-2019,NA,NA,NA,NA
39,LBN002,Hordeum,LRC_SSD_IG_132281,AB_04499,NA,82,NA,125,CEM1903,NA,2018-2019,NA,NA,NA,NA
