accenumb,campaign,trait,value
C0500001,1993-1994,days_to_heading,224
C0500001,1993-1994,plant_height,108
C0500001,1993-1994,thousand_kernel_weight,47.6
C0500009,1993-1994,days_to_heading,223
C0500009,1993-1994,plant_height,106
C0500009,1993-1994,thousand_kernel_weight,47.2
C0500045,1993-1994,days_to_heading,222
C0500045,1993-1994,plant_height,106
C0500045,1993-1994,thousand_kernel_weight,54.3
C0500047,1993-1994,days_to_heading,219
C0500047,1993-1994,plant_height,112
C0500047,1993-1994,thousand_kernel_weight,51.4
C0500053,1993-1994,days_to_heading,218
C0500053,1993-1994,plant_height,103
C0500065,1993-1994,days_to_heading,225
C0500065,1993-1994,plant_height,109
C0500101,1993-1994,days_to_heading,223
C0500101,1993-1994,plant_height,97
C0500101,1993-1994,thousand_kernel_weight,44.9
C0500139,1993-1994,days_to_heading,223
C0500139,1993-1994,plant_height,103
C0500139,1993-1994,thousand_kernel_weight,39.7
C0500149,1993-1994,days_to_heading,224
C0500149,1993-1994,plant_height,106
C0500149,1993-1994,thousand_kernel_weight,49.9
C0500195,1993-1994,days_to_heading,224
C0500195,1993-1994,plant_height,96
C0500195,1993-1994,thousand_kernel_weight,47.4
C0500212,1993-1994,days_to_heading,222
C0500212,1993-1994,plant_height,110
C0500212,1993-1994,thousand_kernel_weight,50.3
C0500233,1993-1994,days_to_heading,221
C0500233,1993-1994,plant_height,108
C0500235,1993-1994,days_to_heading,220
C0500235,1993-1994,plant_height,101
C0500235,1993-1994,thousand_kernel_weight,47.7
C0500293,1993-1994,days_to_heading,226
C0500293,1993-1994,plant_height,100
C0500293,1993-1994,thousand_kernel_weight,41.8
C0500297,1993-1994,days_to_heading,220
C0500297,1993-1994,plant_height,105
C0500297,1993-1994,thousand_kernel_weight,53.1
C0500309,1993-1994,days_to_heading,221
C0500309,1993-1994,plant_height,104
C0500309,1993-1994,thousand_kernel_weight,53.5
C0500312,1993-1994,days_to_heading,222
C0500312,1993-1994,plant_height,114
C0500312,1993-1994,thousand_kernel_weight,55.1
C0500234,1993-1994,plant_height,101
C0500234,1993-1994,thousand_kernel_weight,48.5
C0500027,1993-1994,thousand_kernel_weight,50.3
C0500003,1994-1995,days_to_heading,221
C0500003,1994-1995,plant_height,103
C0500003,1994-1995,thousand_kernel_weight,45.1
C0500006,1994-1995,days_to_heading,221
C0500006,1994-1995,plant_height,106
C0500006,1994-1995,thousand_kernel_weight,42
C0500012,1994-1995,days_to_heading,222
C0500012,1994-1995,plant_height,103
C0500012,1994-1995,thousand_kernel_weight,41.2
C0500016,1994-1995,days_to_heading,222
C0500016,1994-1995,plant_height,101
C0500016,1994-1995,thousand_kernel_weight,39.6
C0500076,1994-1995,days_to_heading,220
C0500076,1994-1995,plant_height,106
C0500076,1994-1995,thousand_kernel_weight,42.9
C0500078,1994-1995,days_to_heading,222
C0500078,1994-1995,plant_height,113
C0500078,1994-1995,thousand_kernel_weight,45
C0500079,1994-1995,days_to_heading,222
C0500079,1994-1995,plant_height,99
C0500079,1994-1995,thousand_kernel_weight,39.2
C0500083,1994-1995,days_to_heading,224
C0500083,1994-1995,plant_height,113
C0500084,1994-1995,days_to_heading,224
C0500084,1994-1995,plant_height,101
C0500101,1994-1995,days_to_heading,222
C0500101,1994-1995,plant_height,103
C0500101,1994-1995,thousand_kernel_weight,45.1
C0500166,1994-1995,days_to_heading,221
C0500166,1994-1995,thousand_kernel_weight,46.6
C0500289,1994-1995,days_to_heading,221
C0500289,1994-1995,plant_height,103
C0500289,1994-1995,thousand_kernel_weight,42.3
C0500292,1994-1995,days_to_heading,218
C0500292,1994-1995,plant_height,103
C0500292,1994-1995,thousand_kernel_weight,44.9
C0500294,1994-1995,days_to_heading,219
C0500294,1994-1995,thousand_kernel_weight,40.9
C0500308,1994-1995,days_to_heading,224
C0500308,1994-1995,plant_height,105
C0500308,1994-1995,thousand_kernel_weight,42.8
C0500310,1994-1995,days_to_heading,222
C0500310,1994-1995,plant_height,100
C0500310,1994-1995,thousand_kernel_weight,43.1
C0500311,1994-1995,days_to_heading,222
C0500311,1994-1995,plant_height,107
C0500311,1994-1995,thousand_kernel_weight,45.9
C0500316,1994-1995,days_to_heading,222
C0500316,1994-1995,plant_height,109
C0500316,1994-1995,thousand_kernel_weight,44.6
C0500320,1994-1995,days_to_heading,226
C0500320,1994-1995,thousand_kernel_weight,49
C0500082,1994-1995,plant_height,114
C0500319,1994-1995,plant_height,93
C0500319,1994-1995,thousand_kernel_weight,42.1
C0500413,1994-1995,plant_height,101
C0500413,1994-1995,thousand_kernel_weight,43.1
C0500416,1994-1995,plant_height,97
C0500416,1994-1995,thousand_kernel_weight,45.9
C0500001,1996-1997,days_to_heading,229
C0500001,1996-1997,days_to_heading,219
C0500001,1996-1997,plant_height,93.1
C0500001,1996-1997,plant_height,98.5
C0500001,1996-1997,thousand_kernel_weight,51.7
C0500001,1996-1997,thousand_kernel_weight,54.3
C0500002,1996-1997,days_to_heading,215
C0500002,1996-1997,plant_height,87.2
C0500002,1996-1997,thousand_kernel_weight,46
C0500003,1996-1997,days_to_heading,217
C0500003,1996-1997,plant_height,91.8
C0500003,1996-1997,plant_height,91.3
C0500003,1996-1997,thousand_kernel_weight,47.3
C0500003,1996-1997,thousand_kernel_weight,44.8
C0500004,1996-1997,days_to_heading,217
C0500004,1996-1997,plant_height,89.9
C0500004,1996-1997,thousand_kernel_weight,48.2
C0500005,1996-1997,days_to_heading,217
C0500005,1996-1997,plant_height,95.3
C0500005,1996-1997,thousand_kernel_weight,46.8
C0500006,1996-1997,days_to_heading,217
C0500006,1996-1997,plant_height,87.7
C0500006,1996-1997,thousand_kernel_weight,46.2
C0500007,1996-1997,days_to_heading,217
C0500007,1996-1997,plant_height,89.3
C0500008,1996-1997,days_to_heading,217
C0500008,1996-1997,plant_height,96.6
C0500009,1996-1997,days_to_heading,217
C0500009,1996-1997,plant_height,94.8
C0500009,1996-1997,thousand_kernel_weight,51.6
C0500010,1996-1997,days_to_heading,217
C0500010,1996-1997,plant_height,90.3
C0500010,1996-1997,thousand_kernel_weight,48.5
C0500011,1996-1997,days_to_heading,217
C0500011,1996-1997,plant_height,91.1
C0500012,1996-1997,days_to_heading,217
C0500012,1996-1997,plant_height,94
C0500012,1996-1997,thousand_kernel_weight,44.5
C0500013,1996-1997,days_to_heading,217
C0500013,1996-1997,plant_height,87.9
C0500013,1996-1997,thousand_kernel_weight,40.6
C0500014,1996-1997,days_to_heading,217
C0500014,1996-1997,plant_height,99.9
C0500014,1996-1997,thousand_kernel_weight,44.1
C0500015,1996-1997,days_to_heading,217
C0500015,1996-1997,plant_height,91.8
C0500015,1996-1997,thousand_kernel_weight,46.2
C0500016,1996-1997,days_to_heading,217
C0500016,1996-1997,plant_height,91.6
C0500016,1996-1997,thousand_kernel_weight,45.5
C0500017,1996-1997,days_to_heading,218
C0500017,1996-1997,plant_height,96.3
C0500017,1996-1997,thousand_kernel_weight,45.7
C0500018,1996-1997,days_to_heading,218
C0500018,1996-1997,plant_height,98.3
C0500018,1996-1997,thousand_kernel_weight,45.5
C0500019,1996-1997,days_to_heading,225
C0500019,1996-1997,days_to_heading,218
C0500019,1996-1997,plant_height,100.4
C0500019,1996-1997,plant_height,98.4
C0500019,1996-1997,thousand_kernel_weight,51.6
C0500019,1996-1997,thousand_kernel_weight,49.8
C0500020,1996-1997,days_to_heading,217
C0500020,1996-1997,plant_height,101.9
C0500020,1996-1997,thousand_kernel_weight,47.9
C0500021,1996-1997,days_to_heading,216
C0500021,1996-1997,plant_height,92.6
C0500021,1996-1997,thousand_kernel_weight,47.6
C0500022,1996-1997,days_to_heading,217
C0500022,1996-1997,plant_height,96
C0500022,1996-1997,thousand_kernel_weight,47
C0500023,1996-1997,days_to_heading,216
C0500023,1996-1997,plant_height,89.5
C0500023,1996-1997,thousand_kernel_weight,42.1
C0500024,1996-1997,days_to_heading,217
C0500024,1996-1997,plant_height,94.7
C0500024,1996-1997,thousand_kernel_weight,47.5
C0500025,1996-1997,days_to_heading,217
C0500025,1996-1997,plant_height,93.5
C0500025,1996-1997,thousand_kernel_weight,47.9
C0500045,1996-1997,days_to_heading,225
C0500045,1996-1997,plant_height,92
C0500045,1996-1997,thousand_kernel_weight,54.1
C0500047,1996-1997,days_to_heading,225
C0500047,1996-1997,plant_height,88.9
C0500053,1996-1997,days_to_heading,224
C0500053,1996-1997,plant_height,95.2
C0500053,1996-1997,thousand_kernel_weight,50.1
C0500076,1996-1997,days_to_heading,225
C0500076,1996-1997,plant_height,96.5
C0500076,1996-1997,thousand_kernel_weight,44.3
C0500078,1996-1997,days_to_heading,224
C0500078,1996-1997,plant_height,100.1
C0500078,1996-1997,thousand_kernel_weight,42.9
C0500079,1996-1997,days_to_heading,226
C0500079,1996-1997,plant_height,97.6
C0500079,1996-1997,plant_height,98.6
C0500079,1996-1997,thousand_kernel_weight,40.5
C0500079,1996-1997,thousand_kernel_weight,38.8
C0500083,1996-1997,days_to_heading,227
C0500083,1996-1997,plant_height,101.9
C0500083,1996-1997,thousand_kernel_weight,46.5
C0500095,1996-1997,days_to_heading,227
C0500095,1996-1997,plant_height,99.1
C0500095,1996-1997,thousand_kernel_weight,47.9
C0500097,1996-1997,days_to_heading,226
C0500097,1996-1997,plant_height,83.1
C0500097,1996-1997,thousand_kernel_weight,45.1
C0500101,1996-1997,days_to_heading,227
C0500101,1996-1997,days_to_heading,217
C0500101,1996-1997,plant_height,91.9
C0500101,1996-1997,plant_height,90.5
C0500101,1996-1997,thousand_kernel_weight,44.4
C0500101,1996-1997,thousand_kernel_weight,47.3
C0500139,1996-1997,days_to_heading,227
C0500139,1996-1997,days_to_heading,218
C0500139,1996-1997,plant_height,90.1
C0500139,1996-1997,plant_height,89.3
C0500139,1996-1997,thousand_kernel_weight,47.6
C0500140,1996-1997,days_to_heading,227
C0500140,1996-1997,plant_height,89.3
C0500140,1996-1997,thousand_kernel_weight,48.5
C0500141,1996-1997,days_to_heading,226
C0500141,1996-1997,plant_height,95.1
C0500141,1996-1997,thousand_kernel_weight,45.5
C0500142,1996-1997,days_to_heading,226
C0500142,1996-1997,plant_height,102.7
C0500142,1996-1997,thousand_kernel_weight,43.2
C0500143,1996-1997,days_to_heading,226
C0500143,1996-1997,plant_height,100.4
C0500143,1996-1997,thousand_kernel_weight,42.7
C0500144,1996-1997,days_to_heading,227
C0500144,1996-1997,plant_height,94.4
C0500144,1996-1997,thousand_kernel_weight,42.9
C0500145,1996-1997,days_to_heading,226
C0500145,1996-1997,plant_height,98.8
C0500145,1996-1997,thousand_kernel_weight,45.4
C0500147,1996-1997,days_to_heading,226
C0500147,1996-1997,plant_height,103.2
C0500147,1996-1997,thousand_kernel_weight,45.5
C0500148,1996-1997,days_to_heading,224
C0500148,1996-1997,plant_height,101.7
C0500148,1996-1997,thousand_kernel_weight,42.9
C0500149,1996-1997,days_to_heading,226
C0500149,1996-1997,plant_height,97.1
C0500149,1996-1997,thousand_kernel_weight,54.3
C0500150,1996-1997,days_to_heading,225
C0500150,1996-1997,plant_height,98.4
C0500150,1996-1997,thousand_kernel_weight,47.3
C0500151,1996-1997,days_to_heading,226
C0500151,1996-1997,plant_height,92.2
C0500151,1996-1997,thousand_kernel_weight,54.9
C0500152,1996-1997,days_to_heading,223
C0500152,1996-1997,plant_height,104.5
C0500152,1996-1997,thousand_kernel_weight,41.9
C0500153,1996-1997,days_to_heading,230
C0500153,1996-1997,plant_height,104.5
C0500153,1996-1997,thousand_kernel_weight,43.3
C0500154,1996-1997,days_to_heading,228
C0500154,1996-1997,plant_height,107.7
C0500154,1996-1997,thousand_kernel_weight,47.6
C0500155,1996-1997,days_to_heading,227
C0500155,1996-1997,plant_height,92.3
C0500155,1996-1997,thousand_kernel_weight,50.1
C0500156,1996-1997,days_to_heading,227
C0500156,1996-1997,plant_height,98.5
C0500156,1996-1997,thousand_kernel_weight,47.2
C0500157,1996-1997,days_to_heading,227
C0500157,1996-1997,plant_height,87.2
C0500157,1996-1997,thousand_kernel_weight,54.3
C0500158,1996-1997,days_to_heading,230
C0500158,1996-1997,days_to_heading,227
C0500158,1996-1997,thousand_kernel_weight,51.7
C0500158,1996-1997,thousand_kernel_weight,57.4
C0500159,1996-1997,days_to_heading,223
C0500159,1996-1997,plant_height,84.7
C0500159,1996-1997,thousand_kernel_weight,52.2
C0500160,1996-1997,days_to_heading,225
C0500160,1996-1997,plant_height,87.9
C0500161,1996-1997,days_to_heading,230
C0500161,1996-1997,plant_height,98.5
C0500161,1996-1997,thousand_kernel_weight,45.4
C0500162,1996-1997,days_to_heading,234
C0500162,1996-1997,plant_height,131.2
C0500162,1996-1997,thousand_kernel_weight,52.5
C0500165,1996-1997,days_to_heading,226
C0500165,1996-1997,plant_height,95.6
C0500165,1996-1997,thousand_kernel_weight,43.6
C0500166,1996-1997,days_to_heading,225
C0500166,1996-1997,thousand_kernel_weight,48.3
C0500167,1996-1997,days_to_heading,229
C0500167,1996-1997,plant_height,98
C0500167,1996-1997,thousand_kernel_weight,41.2
C0500168,1996-1997,days_to_heading,229
C0500168,1996-1997,plant_height,98.4
C0500168,1996-1997,thousand_kernel_weight,47.7
C0500169,1996-1997,days_to_heading,224
C0500169,1996-1997,plant_height,90.9
C0500169,1996-1997,thousand_kernel_weight,42.7
C0500170,1996-1997,days_to_heading,225
C0500170,1996-1997,plant_height,105.1
C0500170,1996-1997,thousand_kernel_weight,41.9
C0500171,1996-1997,days_to_heading,226
C0500171,1996-1997,plant_height,90.3
C0500171,1996-1997,thousand_kernel_weight,39.8
C0500172,1996-1997,days_to_heading,227
C0500172,1996-1997,plant_height,102.2
C0500172,1996-1997,thousand_kernel_weight,44.5
C0500173,1996-1997,days_to_heading,230
C0500173,1996-1997,plant_height,114.4
C0500173,1996-1997,thousand_kernel_weight,54
C0500174,1996-1997,days_to_heading,230
C0500174,1996-1997,plant_height,114.9
C0500174,1996-1997,thousand_kernel_weight,51.1
C0500175,1996-1997,days_to_heading,226
C0500175,1996-1997,plant_height,92.4
C0500175,1996-1997,thousand_kernel_weight,38.9
C0500176,1996-1997,days_to_heading,224
C0500176,1996-1997,plant_height,88.4
C0500176,1996-1997,thousand_kernel_weight,45.3
C0500178,1996-1997,days_to_heading,226
C0500178,1996-1997,plant_height,104.5
C0500178,1996-1997,thousand_kernel_weight,49
C0500179,1996-1997,days_to_heading,230
C0500179,1996-1997,plant_height,99.2
C0500179,1996-1997,thousand_kernel_weight,55.2
C0500180,1996-1997,days_to_heading,228
C0500180,1996-1997,plant_height,100.1
C0500181,1996-1997,days_to_heading,225
C0500181,1996-1997,plant_height,104.7
C0500181,1996-1997,thousand_kernel_weight,48.2
C0500182,1996-1997,days_to_heading,227
C0500182,1996-1997,plant_height,104
C0500182,1996-1997,thousand_kernel_weight,48.8
C0500183,1996-1997,days_to_heading,225
C0500183,1996-1997,plant_height,93.3
C0500183,1996-1997,thousand_kernel_weight,52.3
C0500184,1996-1997,days_to_heading,227
C0500184,1996-1997,plant_height,94.9
C0500184,1996-1997,thousand_kernel_weight,42.7
C0500185,1996-1997,days_to_heading,227
C0500185,1996-1997,plant_height,88.8
C0500185,1996-1997,thousand_kernel_weight,50.8
C0500186,1996-1997,days_to_heading,227
C0500186,1996-1997,plant_height,89.6
C0500186,1996-1997,thousand_kernel_weight,56.1
C0500187,1996-1997,days_to_heading,226
C0500187,1996-1997,plant_height,85.9
C0500187,1996-1997,thousand_kernel_weight,53.3
C0500188,1996-1997,days_to_heading,228
C0500188,1996-1997,plant_height,90.5
C0500188,1996-1997,thousand_kernel_weight,44.8
C0500189,1996-1997,days_to_heading,225
C0500189,1996-1997,plant_height,86
C0500189,1996-1997,thousand_kernel_weight,56.3
C0500190,1996-1997,days_to_heading,221
C0500190,1996-1997,plant_height,85
C0500190,1996-1997,thousand_kernel_weight,47.1
C0500191,1996-1997,days_to_heading,221
C0500191,1996-1997,plant_height,87.7
C0500191,1996-1997,thousand_kernel_weight,47.3
C0500192,1996-1997,days_to_heading,225
C0500192,1996-1997,plant_height,92
C0500192,1996-1997,thousand_kernel_weight,54.9
C0500193,1996-1997,days_to_heading,226
C0500193,1996-1997,plant_height,97.9
C0500193,1996-1997,thousand_kernel_weight,44.4
C0500194,1996-1997,days_to_heading,227
C0500194,1996-1997,plant_height,99.3
C0500194,1996-1997,thousand_kernel_weight,45.8
C0500196,1996-1997,days_to_heading,225
C0500196,1996-1997,plant_height,100.7
C0500196,1996-1997,thousand_kernel_weight,44.2
C0500197,1996-1997,days_to_heading,226
C0500197,1996-1997,plant_height,93.4
C0500197,1996-1997,thousand_kernel_weight,54.1
C0500203,1996-1997,days_to_heading,217
C0500203,1996-1997,plant_height,93.5
C0500203,1996-1997,thousand_kernel_weight,58.1
C0500204,1996-1997,days_to_heading,226
C0500204,1996-1997,days_to_heading,218
C0500204,1996-1997,plant_height,104.5
C0500204,1996-1997,thousand_kernel_weight,49.8
C0500207,1996-1997,days_to_heading,223
C0500207,1996-1997,plant_height,106.9
C0500207,1996-1997,thousand_kernel_weight,45.1
C0500208,1996-1997,days_to_heading,227
C0500208,1996-1997,plant_height,96.9
C0500208,1996-1997,thousand_kernel_weight,46
C0500209,1996-1997,days_to_heading,229
C0500209,1996-1997,plant_height,101.5
C0500209,1996-1997,thousand_kernel_weight,42.2
C0500210,1996-1997,days_to_heading,224
C0500210,1996-1997,plant_height,93.8
C0500210,1996-1997,thousand_kernel_weight,49.2
C0500211,1996-1997,days_to_heading,226
C0500211,1996-1997,days_to_heading,217
C0500211,1996-1997,plant_height,100.3
C0500211,1996-1997,thousand_kernel_weight,43.2
C0500211,1996-1997,thousand_kernel_weight,43.3
C0500212,1996-1997,days_to_heading,226
C0500212,1996-1997,days_to_heading,217
C0500212,1996-1997,plant_height,96.4
C0500212,1996-1997,plant_height,93.6
C0500212,1996-1997,plant_height,96.7
C0500212,1996-1997,thousand_kernel_weight,53
C0500212,1996-1997,thousand_kernel_weight,54.2
C0500212,1996-1997,thousand_kernel_weight,54.8
C0500214,1996-1997,days_to_heading,225
C0500214,1996-1997,plant_height,94.6
C0500214,1996-1997,thousand_kernel_weight,44.1
C0500216,1996-1997,days_to_heading,225
C0500216,1996-1997,thousand_kernel_weight,47.3
C0500217,1996-1997,days_to_heading,226
C0500217,1996-1997,days_to_heading,217
C0500217,1996-1997,plant_height,94.5
C0500217,1996-1997,plant_height,97.2
C0500217,1996-1997,thousand_kernel_weight,50.2
C0500217,1996-1997,thousand_kernel_weight,50.9
C0500218,1996-1997,days_to_heading,215
C0500218,1996-1997,plant_height,95.4
C0500218,1996-1997,thousand_kernel_weight,43.4
C0500219,1996-1997,days_to_heading,228
C0500219,1996-1997,days_to_heading,219
C0500219,1996-1997,plant_height,86.8
C0500219,1996-1997,plant_height,84.9
C0500219,1996-1997,thousand_kernel_weight,50.8
C0500219,1996-1997,thousand_kernel_weight,49.7
C0500220,1996-1997,days_to_heading,228
C0500220,1996-1997,days_to_heading,218
C0500220,1996-1997,plant_height,108.2
C0500220,1996-1997,plant_height,106.1
C0500220,1996-1997,thousand_kernel_weight,49.4
C0500221,1996-1997,days_to_heading,215
C0500221,1996-1997,plant_height,92.9
C0500221,1996-1997,thousand_kernel_weight,42.9
C0500222,1996-1997,days_to_heading,224
C0500222,1996-1997,plant_height,85.5
C0500222,1996-1997,thousand_kernel_weight,41
C0500223,1996-1997,days_to_heading,227
C0500223,1996-1997,plant_height,89.4
C0500223,1996-1997,thousand_kernel_weight,51
C0500224,1996-1997,days_to_heading,223
C0500224,1996-1997,days_to_heading,213
C0500224,1996-1997,plant_height,84
C0500224,1996-1997,plant_height,85.2
C0500224,1996-1997,thousand_kernel_weight,42.9
C0500224,1996-1997,thousand_kernel_weight,42.4
C0500225,1996-1997,days_to_heading,225
C0500225,1996-1997,days_to_heading,215
C0500225,1996-1997,plant_height,90.6
C0500225,1996-1997,plant_height,87.2
C0500225,1996-1997,thousand_kernel_weight,48.6
C0500225,1996-1997,thousand_kernel_weight,50.4
C0500226,1996-1997,days_to_heading,225
C0500226,1996-1997,days_to_heading,217
C0500226,1996-1997,plant_height,99
C0500226,1996-1997,plant_height,99.9
C0500226,1996-1997,thousand_kernel_weight,53.2
C0500226,1996-1997,thousand_kernel_weight,55.7
C0500229,1996-1997,days_to_heading,226
C0500229,1996-1997,days_to_heading,217
C0500229,1996-1997,plant_height,94.4
C0500229,1996-1997,plant_height,98.1
C0500229,1996-1997,thousand_kernel_weight,51.7
C0500229,1996-1997,thousand_kernel_weight,52.7
C0500231,1996-1997,days_to_heading,225
C0500231,1996-1997,plant_height,96.8
C0500231,1996-1997,thousand_kernel_weight,47.5
C0500233,1996-1997,days_to_heading,217
C0500233,1996-1997,plant_height,89.9
C0500233,1996-1997,thousand_kernel_weight,57.8
C0500235,1996-1997,days_to_heading,217
C0500235,1996-1997,plant_height,93
C0500235,1996-1997,thousand_kernel_weight,55
C0500236,1996-1997,days_to_heading,217
C0500236,1996-1997,plant_height,92
C0500236,1996-1997,thousand_kernel_weight,45.5
C0500237,1996-1997,days_to_heading,218
C0500237,1996-1997,plant_height,93.7
C0500237,1996-1997,thousand_kernel_weight,48.7
C0500250,1996-1997,days_to_heading,227
C0500250,1996-1997,days_to_heading,217
C0500250,1996-1997,plant_height,94.8
C0500250,1996-1997,plant_height,94.1
C0500250,1996-1997,thousand_kernel_weight,47
C0500250,1996-1997,thousand_kernel_weight,49.8
C0500251,1996-1997,days_to_heading,227
C0500251,1996-1997,days_to_heading,217
C0500251,1996-1997,plant_height,94.2
C0500251,1996-1997,plant_height,93.6
C0500251,1996-1997,thousand_kernel_weight,52.7
C0500251,1996-1997,thousand_kernel_weight,55.3
C0500252,1996-1997,days_to_heading,217
C0500252,1996-1997,plant_height,91
C0500254,1996-1997,days_to_heading,217
C0500254,1996-1997,plant_height,100.2
C0500254,1996-1997,thousand_kernel_weight,65.6
C0500255,1996-1997,days_to_heading,218
C0500255,1996-1997,plant_height,96.2
C0500255,1996-1997,thousand_kernel_weight,49.3
C0500289,1996-1997,days_to_heading,217
C0500289,1996-1997,plant_height,90
C0500289,1996-1997,thousand_kernel_weight,44.8
C0500292,1996-1997,days_to_heading,213
C0500292,1996-1997,plant_height,96.9
C0500292,1996-1997,thousand_kernel_weight,48.6
C0500293,1996-1997,days_to_heading,218
C0500293,1996-1997,days_to_heading,217
C0500293,1996-1997,plant_height,89.1
C0500293,1996-1997,plant_height,91.7
C0500293,1996-1997,thousand_kernel_weight,49.9
C0500293,1996-1997,thousand_kernel_weight,50.5
C0500294,1996-1997,days_to_heading,213
C0500294,1996-1997,plant_height,84.2
C0500294,1996-1997,thousand_kernel_weight,44.7
C0500295,1996-1997,days_to_heading,216
C0500295,1996-1997,plant_height,85.8
C0500295,1996-1997,thousand_kernel_weight,53.2
C0500296,1996-1997,days_to_heading,218
C0500296,1996-1997,plant_height,89
C0500296,1996-1997,thousand_kernel_weight,51.3
C0500297,1996-1997,days_to_heading,217
C0500297,1996-1997,plant_height,93
C0500297,1996-1997,plant_height,92.4
C0500297,1996-1997,thousand_kernel_weight,58.1
C0500297,1996-1997,thousand_kernel_weight,56.3
C0500298,1996-1997,days_to_heading,217
C0500298,1996-1997,plant_height,91.8
C0500298,1996-1997,thousand_kernel_weight,52.7
C0500299,1996-1997,days_to_heading,217
C0500299,1996-1997,plant_height,91.8
C0500299,1996-1997,thousand_kernel_weight,55.4
C0500301,1996-1997,days_to_heading,225
C0500301,1996-1997,plant_height,103.4
C0500301,1996-1997,thousand_kernel_weight,59.1
C0500302,1996-1997,days_to_heading,227
C0500302,1996-1997,plant_height,85.6
C0500302,1996-1997,thousand_kernel_weight,47.2
C0500308,1996-1997,days_to_heading,217
C0500308,1996-1997,plant_height,95.6
C0500308,1996-1997,thousand_kernel_weight,44.6
C0500309,1996-1997,days_to_heading,217
C0500309,1996-1997,plant_height,91
C0500309,1996-1997,plant_height,91.1
C0500309,1996-1997,thousand_kernel_weight,56.8
C0500309,1996-1997,thousand_kernel_weight,54.9
C0500310,1996-1997,days_to_heading,217
C0500310,1996-1997,plant_height,93.7
C0500310,1996-1997,thousand_kernel_weight,43.4
C0500311,1996-1997,days_to_heading,217
C0500311,1996-1997,plant_height,99.6
C0500311,1996-1997,thousand_kernel_weight,46.4
C0500312,1996-1997,days_to_heading,217
C0500312,1996-1997,plant_height,99.3
C0500312,1996-1997,thousand_kernel_weight,55.5
C0500313,1996-1997,days_to_heading,217
C0500313,1996-1997,plant_height,94.5
C0500313,1996-1997,thousand_kernel_weight,45.5
C0500314,1996-1997,days_to_heading,217
C0500314,1996-1997,plant_height,89.2
C0500314,1996-1997,thousand_kernel_weight,46.7
C0500315,1996-1997,days_to_heading,217
C0500315,1996-1997,plant_height,94.3
C0500315,1996-1997,thousand_kernel_weight,44.9
C0500316,1996-1997,days_to_heading,215
C0500316,1996-1997,plant_height,89.4
C0500316,1996-1997,thousand_kernel_weight,42.6
C0500317,1996-1997,days_to_heading,216
C0500317,1996-1997,plant_height,97
C0500317,1996-1997,thousand_kernel_weight,46.4
C0500318,1996-1997,days_to_heading,217
C0500318,1996-1997,plant_height,91.6
C0500318,1996-1997,thousand_kernel_weight,54.5
C0500320,1996-1997,days_to_heading,218
C0500320,1996-1997,plant_height,100.2
C0500321,1996-1997,days_to_heading,217
C0500321,1996-1997,plant_height,86.4
C0500321,1996-1997,thousand_kernel_weight,48.4
C0500322,1996-1997,days_to_heading,225
C0500322,1996-1997,days_to_heading,217
C0500322,1996-1997,plant_height,96.1
C0500322,1996-1997,plant_height,94.4
C0500322,1996-1997,thousand_kernel_weight,51.5
C0500322,1996-1997,thousand_kernel_weight,56.2
C0500422,1996-1997,days_to_heading,225
C0500422,1996-1997,plant_height,97.2
C0500422,1996-1997,thousand_kernel_weight,61.3
C0500319,1996-1997,plant_height,76.4
C0500319,1996-1997,plant_height,82.4
C0500319,1996-1997,thousand_kernel_weight,45.3
C0500001,1997-1998,days_to_heading,219
C0500001,1997-1998,days_to_heading,231
C0500001,1997-1998,plant_height,96
C0500001,1997-1998,plant_height,92.2
C0500001,1997-1998,plant_height,93.5
C0500001,1997-1998,thousand_kernel_weight,53
C0500001,1997-1998,thousand_kernel_weight,51.6
C0500002,1997-1998,days_to_heading,216
C0500002,1997-1998,days_to_heading,217
C0500002,1997-1998,plant_height,87.5
C0500002,1997-1998,plant_height,87
C0500002,1997-1998,plant_height,87.7
C0500002,1997-1998,thousand_kernel_weight,43.6
C0500002,1997-1998,thousand_kernel_weight,43
C0500002,1997-1998,thousand_kernel_weight,41.1
C0500003,1997-1998,days_to_heading,217
C0500003,1997-1998,days_to_heading,216
C0500003,1997-1998,plant_height,95.4
C0500003,1997-1998,plant_height,95
C0500003,1997-1998,plant_height,91.2
C0500003,1997-1998,plant_height,99.5
C0500003,1997-1998,thousand_kernel_weight,43.9
C0500003,1997-1998,thousand_kernel_weight,43
C0500003,1997-1998,thousand_kernel_weight,40.5
C0500003,1997-1998,thousand_kernel_weight,42.9
C0500004,1997-1998,days_to_heading,218
C0500004,1997-1998,days_to_heading,219
C0500004,1997-1998,plant_height,89.3
C0500004,1997-1998,plant_height,89
C0500004,1997-1998,plant_height,88.6
C0500004,1997-1998,thousand_kernel_weight,45.5
C0500004,1997-1998,thousand_kernel_weight,45
C0500004,1997-1998,thousand_kernel_weight,42.7
C0500005,1997-1998,days_to_heading,218
C0500005,1997-1998,days_to_heading,219
C0500005,1997-1998,plant_height,91.7
C0500005,1997-1998,plant_height,91
C0500005,1997-1998,plant_height,88.1
C0500005,1997-1998,thousand_kernel_weight,44.2
C0500005,1997-1998,thousand_kernel_weight,44
C0500005,1997-1998,thousand_kernel_weight,41.6
C0500006,1997-1998,days_to_heading,218
C0500006,1997-1998,days_to_heading,219
C0500006,1997-1998,plant_height,87.7
C0500006,1997-1998,plant_height,87
C0500006,1997-1998,plant_height,87.6
C0500006,1997-1998,thousand_kernel_weight,43.5
C0500006,1997-1998,thousand_kernel_weight,43
C0500006,1997-1998,thousand_kernel_weight,40.8
C0500007,1997-1998,days_to_heading,217
C0500007,1997-1998,plant_height,88.6
C0500007,1997-1998,plant_height,88
C0500007,1997-1998,plant_height,87.8
C0500007,1997-1998,thousand_kernel_weight,45.1
C0500007,1997-1998,thousand_kernel_weight,45
C0500007,1997-1998,thousand_kernel_weight,41.3
C0500008,1997-1998,days_to_heading,217
C0500008,1997-1998,plant_height,94.5
C0500008,1997-1998,plant_height,94
C0500008,1997-1998,plant_height,92.4
C0500008,1997-1998,thousand_kernel_weight,47.1
C0500008,1997-1998,thousand_kernel_weight,47
C0500008,1997-1998,thousand_kernel_weight,43.6
C0500009,1997-1998,days_to_heading,218
C0500009,1997-1998,days_to_heading,219
C0500009,1997-1998,plant_height,92.7
C0500009,1997-1998,plant_height,92
C0500009,1997-1998,plant_height,90.5
C0500009,1997-1998,thousand_kernel_weight,51.6
C0500009,1997-1998,thousand_kernel_weight,51
C0500010,1997-1998,days_to_heading,218
C0500010,1997-1998,days_to_heading,219
C0500010,1997-1998,plant_height,94.8
C0500010,1997-1998,plant_height,94
C0500010,1997-1998,plant_height,99.2
C0500010,1997-1998,thousand_kernel_weight,45.7
C0500010,1997-1998,thousand_kernel_weight,45
C0500010,1997-1998,thousand_kernel_weight,42.8
C0500011,1997-1998,days_to_heading,217
C0500011,1997-1998,plant_height,91.4
C0500011,1997-1998,plant_height,91
C0500011,1997-1998,plant_height,91.7
C0500011,1997-1998,thousand_kernel_weight,45.8
C0500011,1997-1998,thousand_kernel_weight,45
C0500012,1997-1998,days_to_heading,217
C0500012,1997-1998,plant_height,94.8
C0500012,1997-1998,plant_height,94
C0500012,1997-1998,plant_height,95.6
C0500012,1997-1998,thousand_kernel_weight,43.1
C0500012,1997-1998,thousand_kernel_weight,43
C0500012,1997-1998,thousand_kernel_weight,41.7
C0500013,1997-1998,days_to_heading,217
C0500013,1997-1998,plant_height,89.8
C0500013,1997-1998,plant_height,89
C0500013,1997-1998,plant_height,91.6
C0500013,1997-1998,thousand_kernel_weight,41.6
C0500013,1997-1998,thousand_kernel_weight,41
C0500013,1997-1998,thousand_kernel_weight,42.5
C0500014,1997-1998,days_to_heading,217
C0500014,1997-1998,days_to_heading,216
C0500014,1997-1998,plant_height,98.4
C0500014,1997-1998,plant_height,98
C0500014,1997-1998,plant_height,96.8
C0500014,1997-1998,thousand_kernel_weight,43
C0500014,1997-1998,thousand_kernel_weight,41.9
C0500015,1997-1998,days_to_heading,217
C0500015,1997-1998,days_to_heading,216
C0500015,1997-1998,plant_height,91.4
C0500015,1997-1998,plant_height,91
C0500015,1997-1998,plant_height,90.9
C0500015,1997-1998,thousand_kernel_weight,44.8
C0500015,1997-1998,thousand_kernel_weight,44
C0500015,1997-1998,thousand_kernel_weight,43.3
C0500016,1997-1998,days_to_heading,217
C0500016,1997-1998,plant_height,91.9
C0500016,1997-1998,plant_height,91
C0500016,1997-1998,plant_height,92.1
C0500016,1997-1998,thousand_kernel_weight,45.5
C0500016,1997-1998,thousand_kernel_weight,45
C0500017,1997-1998,days_to_heading,218
C0500017,1997-1998,days_to_heading,217
C0500017,1997-1998,plant_height,97
C0500017,1997-1998,plant_height,97.7
C0500017,1997-1998,thousand_kernel_weight,45.1
C0500017,1997-1998,thousand_kernel_weight,45
C0500017,1997-1998,thousand_kernel_weight,44.4
C0500018,1997-1998,days_to_heading,217
C0500018,1997-1998,days_to_heading,216
C0500018,1997-1998,plant_height,96.1
C0500018,1997-1998,plant_height,96
C0500018,1997-1998,plant_height,93.9
C0500018,1997-1998,thousand_kernel_weight,43.9
C0500018,1997-1998,thousand_kernel_weight,43
C0500018,1997-1998,thousand_kernel_weight,42.3
C0500019,1997-1998,days_to_heading,225
C0500019,1997-1998,days_to_heading,231
C0500019,1997-1998,days_to_heading,219
C0500019,1997-1998,plant_height,98.1
C0500019,1997-1998,plant_height,98
C0500019,1997-1998,plant_height,97.8
C0500019,1997-1998,plant_height,102.9
C0500019,1997-1998,thousand_kernel_weight,52.3
C0500019,1997-1998,thousand_kernel_weight,52
C0500019,1997-1998,thousand_kernel_weight,54.8
C0500020,1997-1998,days_to_heading,217
C0500020,1997-1998,plant_height,101
C0500020,1997-1998,plant_height,100.1
C0500020,1997-1998,thousand_kernel_weight,46.3
C0500020,1997-1998,thousand_kernel_weight,46
C0500020,1997-1998,thousand_kernel_weight,44.6
C0500021,1997-1998,days_to_heading,217
C0500021,1997-1998,plant_height,93.8
C0500021,1997-1998,plant_height,93
C0500021,1997-1998,plant_height,95
C0500021,1997-1998,thousand_kernel_weight,46.6
C0500021,1997-1998,thousand_kernel_weight,46
C0500021,1997-1998,thousand_kernel_weight,45.6
C0500022,1997-1998,days_to_heading,217
C0500022,1997-1998,plant_height,98.3
C0500022,1997-1998,plant_height,98
C0500022,1997-1998,plant_height,100.6
C0500022,1997-1998,thousand_kernel_weight,46
C0500022,1997-1998,thousand_kernel_weight,44.9
C0500023,1997-1998,days_to_heading,216
C0500023,1997-1998,plant_height,93
C0500023,1997-1998,plant_height,96.5
C0500023,1997-1998,thousand_kernel_weight,41.7
C0500023,1997-1998,thousand_kernel_weight,41
C0500023,1997-1998,thousand_kernel_weight,41.2
C0500024,1997-1998,days_to_heading,218
C0500024,1997-1998,days_to_heading,219
C0500024,1997-1998,plant_height,96.4
C0500024,1997-1998,plant_height,96
C0500024,1997-1998,plant_height,98.1
C0500024,1997-1998,thousand_kernel_weight,45.7
C0500024,1997-1998,thousand_kernel_weight,45
C0500024,1997-1998,thousand_kernel_weight,43.9
C0500025,1997-1998,days_to_heading,217
C0500025,1997-1998,plant_height,94.6
C0500025,1997-1998,plant_height,94
C0500025,1997-1998,plant_height,95.7
C0500025,1997-1998,thousand_kernel_weight,46.9
C0500025,1997-1998,thousand_kernel_weight,46
C0500025,1997-1998,thousand_kernel_weight,45.8
C0500045,1997-1998,days_to_heading,225
C0500045,1997-1998,plant_height,94.9
C0500045,1997-1998,plant_height,94
C0500045,1997-1998,plant_height,97.7
C0500045,1997-1998,thousand_kernel_weight,55.6
C0500045,1997-1998,thousand_kernel_weight,55
C0500045,1997-1998,thousand_kernel_weight,57
C0500047,1997-1998,days_to_heading,225
C0500047,1997-1998,plant_height,90.5
C0500047,1997-1998,plant_height,90
C0500047,1997-1998,plant_height,92.1
C0500047,1997-1998,thousand_kernel_weight,54.9
C0500047,1997-1998,thousand_kernel_weight,54
C0500047,1997-1998,thousand_kernel_weight,58.6
C0500053,1997-1998,days_to_heading,224
C0500053,1997-1998,plant_height,95.2
C0500053,1997-1998,plant_height,95
C0500053,1997-1998,thousand_kernel_weight,50
C0500076,1997-1998,days_to_heading,226
C0500076,1997-1998,days_to_heading,227
C0500076,1997-1998,plant_height,94
C0500076,1997-1998,plant_height,91
C0500076,1997-1998,thousand_kernel_weight,43.1
C0500076,1997-1998,thousand_kernel_weight,43
C0500076,1997-1998,thousand_kernel_weight,41.9
C0500078,1997-1998,days_to_heading,227
C0500078,1997-1998,days_to_heading,229
C0500078,1997-1998,plant_height,97
C0500078,1997-1998,plant_height,93.9
C0500078,1997-1998,thousand_kernel_weight,43
C0500079,1997-1998,days_to_heading,229
C0500079,1997-1998,days_to_heading,227
C0500079,1997-1998,days_to_heading,231
C0500079,1997-1998,plant_height,96.1
C0500079,1997-1998,plant_height,96
C0500079,1997-1998,plant_height,90.8
C0500079,1997-1998,plant_height,93.5
C0500079,1997-1998,thousand_kernel_weight,40
C0500079,1997-1998,thousand_kernel_weight,41.4
C0500079,1997-1998,thousand_kernel_weight,41
C0500083,1997-1998,days_to_heading,229
C0500083,1997-1998,days_to_heading,230
C0500083,1997-1998,plant_height,96.7
C0500083,1997-1998,plant_height,96
C0500083,1997-1998,plant_height,91.5
C0500083,1997-1998,thousand_kernel_weight,48.1
C0500083,1997-1998,thousand_kernel_weight,48
C0500083,1997-1998,thousand_kernel_weight,49.1
C0500084,1997-1998,days_to_heading,230
C0500084,1997-1998,plant_height,88
C0500084,1997-1998,thousand_kernel_weight,49.8
C0500084,1997-1998,thousand_kernel_weight,49
C0500095,1997-1998,days_to_heading,229
C0500095,1997-1998,days_to_heading,230
C0500095,1997-1998,plant_height,91.1
C0500095,1997-1998,plant_height,91
C0500095,1997-1998,plant_height,83
C0500095,1997-1998,thousand_kernel_weight,45.3
C0500095,1997-1998,thousand_kernel_weight,45
C0500095,1997-1998,thousand_kernel_weight,43.6
C0500097,1997-1998,days_to_heading,227
C0500097,1997-1998,plant_height,84.1
C0500097,1997-1998,plant_height,84
C0500097,1997-1998,plant_height,85
C0500097,1997-1998,thousand_kernel_weight,45.1
C0500097,1997-1998,thousand_kernel_weight,45
C0500101,1997-1998,days_to_heading,230
C0500101,1997-1998,days_to_heading,217
C0500101,1997-1998,plant_height,84.4
C0500101,1997-1998,plant_height,93.1
C0500101,1997-1998,thousand_kernel_weight,45.2
C0500101,1997-1998,thousand_kernel_weight,42.4
C0500139,1997-1998,days_to_heading,231
C0500139,1997-1998,days_to_heading,218
C0500139,1997-1998,plant_height,86.4
C0500139,1997-1998,plant_height,93.9
C0500139,1997-1998,thousand_kernel_weight,44.9
C0500139,1997-1998,thousand_kernel_weight,42.5
C0500140,1997-1998,days_to_heading,228
C0500140,1997-1998,days_to_heading,229
C0500140,1997-1998,plant_height,87.8
C0500140,1997-1998,plant_height,87
C0500140,1997-1998,plant_height,86.2
C0500140,1997-1998,thousand_kernel_weight,47.8
C0500140,1997-1998,thousand_kernel_weight,47
C0500141,1997-1998,days_to_heading,229
C0500141,1997-1998,days_to_heading,231
C0500141,1997-1998,plant_height,95.1
C0500141,1997-1998,plant_height,95
C0500141,1997-1998,thousand_kernel_weight,47.6
C0500141,1997-1998,thousand_kernel_weight,47
C0500141,1997-1998,thousand_kernel_weight,49.7
C0500142,1997-1998,days_to_heading,228
C0500142,1997-1998,days_to_heading,229
C0500142,1997-1998,plant_height,103.5
C0500142,1997-1998,plant_height,103
C0500142,1997-1998,plant_height,104.2
C0500142,1997-1998,thousand_kernel_weight,44.4
C0500142,1997-1998,thousand_kernel_weight,44
C0500142,1997-1998,thousand_kernel_weight,45.6
C0500143,1997-1998,days_to_heading,229
C0500143,1997-1998,days_to_heading,231
C0500143,1997-1998,plant_height,96.4
C0500143,1997-1998,plant_height,96
C0500143,1997-1998,plant_height,92.4
C0500143,1997-1998,thousand_kernel_weight,44.5
C0500143,1997-1998,thousand_kernel_weight,44
C0500143,1997-1998,thousand_kernel_weight,46.3
C0500144,1997-1998,days_to_heading,229
C0500144,1997-1998,days_to_heading,230
C0500144,1997-1998,plant_height,94.4
C0500144,1997-1998,plant_height,94
C0500144,1997-1998,plant_height,94.3
C0500144,1997-1998,thousand_kernel_weight,42.7
C0500144,1997-1998,thousand_kernel_weight,42
C0500144,1997-1998,thousand_kernel_weight,42.5
C0500145,1997-1998,days_to_heading,228
C0500145,1997-1998,days_to_heading,230
C0500145,1997-1998,plant_height,97.9
C0500145,1997-1998,plant_height,97
C0500145,1997-1998,plant_height,96.9
C0500145,1997-1998,thousand_kernel_weight,47
C0500145,1997-1998,thousand_kernel_weight,48.5
C0500147,1997-1998,days_to_heading,229
C0500147,1997-1998,days_to_heading,231
C0500147,1997-1998,plant_height,106.2
C0500147,1997-1998,plant_height,106
C0500147,1997-1998,plant_height,109.1
C0500147,1997-1998,thousand_kernel_weight,45.2
C0500147,1997-1998,thousand_kernel_weight,45
C0500147,1997-1998,thousand_kernel_weight,44.9
C0500148,1997-1998,days_to_heading,227
C0500148,1997-1998,days_to_heading,229
C0500148,1997-1998,plant_height,103.2
C0500148,1997-1998,plant_height,103
C0500148,1997-1998,plant_height,104.7
C0500148,1997-1998,thousand_kernel_weight,43.9
C0500148,1997-1998,thousand_kernel_weight,43
C0500148,1997-1998,thousand_kernel_weight,44.9
C0500149,1997-1998,days_to_heading,227
C0500149,1997-1998,plant_height,90.8
C0500149,1997-1998,plant_height,90
C0500149,1997-1998,plant_height,84.4
C0500149,1997-1998,thousand_kernel_weight,56.1
C0500149,1997-1998,thousand_kernel_weight,56
C0500149,1997-1998,thousand_kernel_weight,57.8
C0500150,1997-1998,days_to_heading,228
C0500150,1997-1998,days_to_heading,230
C0500150,1997-1998,plant_height,97.6
C0500150,1997-1998,plant_height,97
C0500150,1997-1998,plant_height,96.8
C0500150,1997-1998,thousand_kernel_weight,49.9
C0500150,1997-1998,thousand_kernel_weight,49
C0500150,1997-1998,thousand_kernel_weight,52.4
C0500151,1997-1998,days_to_heading,228
C0500151,1997-1998,days_to_heading,230
C0500151,1997-1998,plant_height,91.4
C0500151,1997-1998,plant_height,91
C0500151,1997-1998,plant_height,90.5
C0500151,1997-1998,thousand_kernel_weight,56.2
C0500151,1997-1998,thousand_kernel_weight,56
C0500151,1997-1998,thousand_kernel_weight,57.4
C0500152,1997-1998,days_to_heading,225
C0500152,1997-1998,days_to_heading,227
C0500152,1997-1998,plant_height,102
C0500152,1997-1998,plant_height,99.4
C0500152,1997-1998,thousand_kernel_weight,43.1
C0500152,1997-1998,thousand_kernel_weight,43
C0500152,1997-1998,thousand_kernel_weight,44.1
C0500153,1997-1998,days_to_heading,232
C0500153,1997-1998,days_to_heading,234
C0500153,1997-1998,plant_height,107.1
C0500153,1997-1998,plant_height,107
C0500153,1997-1998,plant_height,109.7
C0500153,1997-1998,thousand_kernel_weight,42.1
C0500153,1997-1998,thousand_kernel_weight,42
C0500153,1997-1998,thousand_kernel_weight,41.2
C0500154,1997-1998,days_to_heading,230
C0500154,1997-1998,days_to_heading,231
C0500154,1997-1998,plant_height,103
C0500154,1997-1998,plant_height,98.2
C0500154,1997-1998,thousand_kernel_weight,47.4
C0500154,1997-1998,thousand_kernel_weight,47
C0500154,1997-1998,thousand_kernel_weight,46.7
C0500155,1997-1998,days_to_heading,229
C0500155,1997-1998,days_to_heading,230
C0500155,1997-1998,plant_height,90.5
C0500155,1997-1998,plant_height,90
C0500155,1997-1998,plant_height,88.7
C0500155,1997-1998,thousand_kernel_weight,51.3
C0500155,1997-1998,thousand_kernel_weight,51
C0500155,1997-1998,thousand_kernel_weight,52.6
C0500156,1997-1998,days_to_heading,229
C0500156,1997-1998,days_to_heading,231
C0500156,1997-1998,plant_height,94.7
C0500156,1997-1998,plant_height,94
C0500156,1997-1998,plant_height,90.8
C0500156,1997-1998,thousand_kernel_weight,44.7
C0500156,1997-1998,thousand_kernel_weight,44
C0500156,1997-1998,thousand_kernel_weight,42.3
C0500157,1997-1998,days_to_heading,227
C0500157,1997-1998,plant_height,84.2
C0500157,1997-1998,plant_height,84
C0500157,1997-1998,plant_height,81.1
C0500157,1997-1998,thousand_kernel_weight,54.1
C0500157,1997-1998,thousand_kernel_weight,54
C0500158,1997-1998,days_to_heading,230
C0500158,1997-1998,days_to_heading,231
C0500158,1997-1998,plant_height,101.8
C0500158,1997-1998,plant_height,101
C0500158,1997-1998,thousand_kernel_weight,53.6
C0500158,1997-1998,thousand_kernel_weight,53
C0500158,1997-1998,thousand_kernel_weight,54.8
C0500158,1997-1998,thousand_kernel_weight,55.1
C0500159,1997-1998,days_to_heading,224
C0500159,1997-1998,plant_height,81
C0500159,1997-1998,plant_height,77.2
C0500159,1997-1998,thousand_kernel_weight,52.8
C0500159,1997-1998,thousand_kernel_weight,52
C0500159,1997-1998,thousand_kernel_weight,53.6
C0500160,1997-1998,days_to_heading,225
C0500160,1997-1998,plant_height,87
C0500160,1997-1998,plant_height,86.1
C0500160,1997-1998,thousand_kernel_weight,42.4
C0500160,1997-1998,thousand_kernel_weight,42
C0500160,1997-1998,thousand_kernel_weight,46.7
C0500161,1997-1998,days_to_heading,231
C0500161,1997-1998,plant_height,100.1
C0500161,1997-1998,plant_height,100
C0500161,1997-1998,plant_height,101.6
C0500161,1997-1998,thousand_kernel_weight,48.2
C0500161,1997-1998,thousand_kernel_weight,48
C0500161,1997-1998,thousand_kernel_weight,51.4
C0500162,1997-1998,days_to_heading,235
C0500162,1997-1998,plant_height,127.7
C0500162,1997-1998,plant_height,127
C0500162,1997-1998,plant_height,124.2
C0500162,1997-1998,thousand_kernel_weight,53.6
C0500162,1997-1998,thousand_kernel_weight,53
C0500162,1997-1998,thousand_kernel_weight,54.2
C0500165,1997-1998,days_to_heading,227
C0500165,1997-1998,plant_height,93.1
C0500165,1997-1998,plant_height,93
C0500165,1997-1998,plant_height,90.5
C0500165,1997-1998,thousand_kernel_weight,44.5
C0500165,1997-1998,thousand_kernel_weight,44
C0500165,1997-1998,thousand_kernel_weight,45
C0500166,1997-1998,days_to_heading,226
C0500166,1997-1998,days_to_heading,227
C0500166,1997-1998,plant_height,90.6
C0500166,1997-1998,plant_height,90
C0500166,1997-1998,plant_height,82.2
C0500166,1997-1998,thousand_kernel_weight,49.2
C0500166,1997-1998,thousand_kernel_weight,49
C0500166,1997-1998,thousand_kernel_weight,50.3
C0500167,1997-1998,days_to_heading,230
C0500167,1997-1998,days_to_heading,231
C0500167,1997-1998,plant_height,102
C0500167,1997-1998,plant_height,105.9
C0500167,1997-1998,thousand_kernel_weight,42.6
C0500167,1997-1998,thousand_kernel_weight,42
C0500167,1997-1998,thousand_kernel_weight,44.2
C0500168,1997-1998,days_to_heading,230
C0500168,1997-1998,days_to_heading,231
C0500168,1997-1998,plant_height,102.7
C0500168,1997-1998,plant_height,102
C0500168,1997-1998,plant_height,107
C0500168,1997-1998,thousand_kernel_weight,49.6
C0500168,1997-1998,thousand_kernel_weight,49
C0500168,1997-1998,thousand_kernel_weight,51.1
C0500169,1997-1998,days_to_heading,227
C0500169,1997-1998,days_to_heading,229
C0500169,1997-1998,plant_height,90.6
C0500169,1997-1998,plant_height,90
C0500169,1997-1998,plant_height,90.3
C0500169,1997-1998,thousand_kernel_weight,42
C0500169,1997-1998,thousand_kernel_weight,40.9
C0500170,1997-1998,days_to_heading,226
C0500170,1997-1998,plant_height,105.3
C0500170,1997-1998,plant_height,105
C0500170,1997-1998,thousand_kernel_weight,44.2
C0500170,1997-1998,thousand_kernel_weight,44
C0500171,1997-1998,days_to_heading,227
C0500171,1997-1998,plant_height,92.6
C0500171,1997-1998,plant_height,92
C0500171,1997-1998,plant_height,94.9
C0500171,1997-1998,thousand_kernel_weight,42.7
C0500171,1997-1998,thousand_kernel_weight,42
C0500171,1997-1998,thousand_kernel_weight,45.4
C0500172,1997-1998,days_to_heading,229
C0500172,1997-1998,days_to_heading,230
C0500172,1997-1998,plant_height,96.5
C0500172,1997-1998,plant_height,96
C0500172,1997-1998,plant_height,90.8
C0500172,1997-1998,thousand_kernel_weight,46.9
C0500172,1997-1998,thousand_kernel_weight,46
C0500172,1997-1998,thousand_kernel_weight,48.8
C0500173,1997-1998,days_to_heading,234
C0500173,1997-1998,days_to_heading,237
C0500173,1997-1998,plant_height,113.3
C0500173,1997-1998,plant_height,113
C0500173,1997-1998,plant_height,112.2
C0500173,1997-1998,thousand_kernel_weight,54.6
C0500173,1997-1998,thousand_kernel_weight,54
C0500173,1997-1998,thousand_kernel_weight,55.1
C0500174,1997-1998,days_to_heading,233
C0500174,1997-1998,days_to_heading,235
C0500174,1997-1998,plant_height,115.7
C0500174,1997-1998,plant_height,115
C0500174,1997-1998,plant_height,116.5
C0500174,1997-1998,thousand_kernel_weight,54.2
C0500174,1997-1998,thousand_kernel_weight,54
C0500174,1997-1998,thousand_kernel_weight,57.4
C0500175,1997-1998,days_to_heading,227
C0500175,1997-1998,plant_height,97.7
C0500175,1997-1998,plant_height,97
C0500175,1997-1998,plant_height,102.9
C0500175,1997-1998,thousand_kernel_weight,40.4
C0500175,1997-1998,thousand_kernel_weight,40
C0500175,1997-1998,thousand_kernel_weight,41.8
C0500176,1997-1998,days_to_heading,224
C0500176,1997-1998,plant_height,90.6
C0500176,1997-1998,plant_height,90
C0500176,1997-1998,plant_height,92.7
C0500176,1997-1998,thousand_kernel_weight,45.4
C0500176,1997-1998,thousand_kernel_weight,45
C0500176,1997-1998,thousand_kernel_weight,45.7
C0500178,1997-1998,days_to_heading,227
C0500178,1997-1998,plant_height,99.8
C0500178,1997-1998,plant_height,99
C0500178,1997-1998,plant_height,95
C0500178,1997-1998,thousand_kernel_weight,46.2
C0500178,1997-1998,thousand_kernel_weight,46
C0500178,1997-1998,thousand_kernel_weight,43.3
C0500179,1997-1998,days_to_heading,231
C0500179,1997-1998,days_to_heading,232
C0500179,1997-1998,plant_height,97.6
C0500179,1997-1998,plant_height,97
C0500179,1997-1998,plant_height,95.9
C0500179,1997-1998,thousand_kernel_weight,57.4
C0500179,1997-1998,thousand_kernel_weight,57
C0500179,1997-1998,thousand_kernel_weight,59.8
C0500180,1997-1998,days_to_heading,231
C0500180,1997-1998,days_to_heading,234
C0500180,1997-1998,plant_height,98.1
C0500180,1997-1998,plant_height,98
C0500180,1997-1998,plant_height,93.1
C0500180,1997-1998,thousand_kernel_weight,56.9
C0500180,1997-1998,thousand_kernel_weight,56
C0500180,1997-1998,thousand_kernel_weight,60.8
C0500181,1997-1998,days_to_heading,228
C0500181,1997-1998,days_to_heading,231
C0500181,1997-1998,plant_height,99.6
C0500181,1997-1998,plant_height,99
C0500181,1997-1998,plant_height,94.4
C0500181,1997-1998,thousand_kernel_weight,47.6
C0500181,1997-1998,thousand_kernel_weight,47
C0500181,1997-1998,thousand_kernel_weight,47.1
C0500182,1997-1998,days_to_heading,230
C0500182,1997-1998,days_to_heading,232
C0500182,1997-1998,plant_height,96.6
C0500182,1997-1998,plant_height,96
C0500182,1997-1998,plant_height,88.6
C0500182,1997-1998,thousand_kernel_weight,48.4
C0500182,1997-1998,thousand_kernel_weight,48
C0500182,1997-1998,thousand_kernel_weight,47.8
C0500183,1997-1998,days_to_heading,228
C0500183,1997-1998,days_to_heading,230
C0500183,1997-1998,plant_height,87.8
C0500183,1997-1998,plant_height,87
C0500183,1997-1998,plant_height,82.3
C0500183,1997-1998,thousand_kernel_weight,50.4
C0500183,1997-1998,thousand_kernel_weight,50
C0500183,1997-1998,thousand_kernel_weight,48.8
C0500184,1997-1998,days_to_heading,229
C0500184,1997-1998,days_to_heading,231
C0500184,1997-1998,plant_height,94.6
C0500184,1997-1998,plant_height,94
C0500184,1997-1998,plant_height,94.2
C0500184,1997-1998,thousand_kernel_weight,43.9
C0500184,1997-1998,thousand_kernel_weight,43
C0500184,1997-1998,thousand_kernel_weight,44.7
C0500185,1997-1998,days_to_heading,229
C0500185,1997-1998,days_to_heading,231
C0500185,1997-1998,plant_height,85.4
C0500185,1997-1998,plant_height,85
C0500185,1997-1998,plant_height,82
C0500185,1997-1998,thousand_kernel_weight,53.4
C0500185,1997-1998,thousand_kernel_weight,53
C0500185,1997-1998,thousand_kernel_weight,55.7
C0500186,1997-1998,days_to_heading,229
C0500186,1997-1998,days_to_heading,231
C0500186,1997-1998,plant_height,86.6
C0500186,1997-1998,plant_height,86
C0500186,1997-1998,plant_height,83.5
C0500186,1997-1998,thousand_kernel_weight,59.1
C0500186,1997-1998,thousand_kernel_weight,59
C0500186,1997-1998,thousand_kernel_weight,62.2
C0500187,1997-1998,days_to_heading,229
C0500187,1997-1998,days_to_heading,231
C0500187,1997-1998,plant_height,83.7
C0500187,1997-1998,plant_height,83
C0500187,1997-1998,plant_height,81.4
C0500187,1997-1998,thousand_kernel_weight,54.7
C0500187,1997-1998,thousand_kernel_weight,54
C0500187,1997-1998,thousand_kernel_weight,56.3
C0500188,1997-1998,days_to_heading,230
C0500188,1997-1998,days_to_heading,231
C0500188,1997-1998,plant_height,91.8
C0500188,1997-1998,plant_height,91
C0500188,1997-1998,plant_height,93
C0500188,1997-1998,thousand_kernel_weight,46
C0500188,1997-1998,thousand_kernel_weight,46.9
C0500189,1997-1998,days_to_heading,228
C0500189,1997-1998,days_to_heading,231
C0500189,1997-1998,plant_height,84.4
C0500189,1997-1998,plant_height,84
C0500189,1997-1998,plant_height,82.8
C0500189,1997-1998,thousand_kernel_weight,57.2
C0500189,1997-1998,thousand_kernel_weight,57
C0500189,1997-1998,thousand_kernel_weight,58.3
C0500190,1997-1998,days_to_heading,223
C0500190,1997-1998,days_to_heading,224
C0500190,1997-1998,plant_height,85.9
C0500190,1997-1998,plant_height,85
C0500190,1997-1998,plant_height,86.7
C0500190,1997-1998,thousand_kernel_weight,48.3
C0500190,1997-1998,thousand_kernel_weight,48
C0500190,1997-1998,thousand_kernel_weight,49.5
C0500191,1997-1998,days_to_heading,223
C0500191,1997-1998,days_to_heading,224
C0500191,1997-1998,plant_height,88.2
C0500191,1997-1998,plant_height,88
C0500191,1997-1998,plant_height,88.7
C0500191,1997-1998,thousand_kernel_weight,49.9
C0500191,1997-1998,thousand_kernel_weight,49
C0500191,1997-1998,thousand_kernel_weight,52.8
C0500192,1997-1998,days_to_heading,224
C0500192,1997-1998,days_to_heading,223
C0500192,1997-1998,plant_height,88.3
C0500192,1997-1998,plant_height,88
C0500192,1997-1998,plant_height,84.5
C0500192,1997-1998,thousand_kernel_weight,55.1
C0500192,1997-1998,thousand_kernel_weight,55
C0500192,1997-1998,thousand_kernel_weight,55.2
C0500193,1997-1998,days_to_heading,227
C0500193,1997-1998,plant_height,97.1
C0500193,1997-1998,plant_height,97
C0500193,1997-1998,thousand_kernel_weight,44.9
C0500193,1997-1998,thousand_kernel_weight,44
C0500193,1997-1998,thousand_kernel_weight,45.8
C0500194,1997-1998,days_to_heading,229
C0500194,1997-1998,days_to_heading,231
C0500194,1997-1998,plant_height,92.6
C0500194,1997-1998,plant_height,92
C0500194,1997-1998,plant_height,85.8
C0500194,1997-1998,thousand_kernel_weight,45.3
C0500194,1997-1998,thousand_kernel_weight,45
C0500194,1997-1998,thousand_kernel_weight,44.5
C0500196,1997-1998,days_to_heading,229
C0500196,1997-1998,plant_height,90.6
C0500196,1997-1998,thousand_kernel_weight,46
C0500197,1997-1998,days_to_heading,228
C0500197,1997-1998,days_to_heading,230
C0500197,1997-1998,plant_height,91.2
C0500197,1997-1998,plant_height,91
C0500197,1997-1998,plant_height,89
C0500197,1997-1998,thousand_kernel_weight,56.2
C0500197,1997-1998,thousand_kernel_weight,56
C0500197,1997-1998,thousand_kernel_weight,58.2
C0500203,1997-1998,days_to_heading,217
C0500203,1997-1998,days_to_heading,216
C0500203,1997-1998,plant_height,96.9
C0500203,1997-1998,plant_height,96
C0500203,1997-1998,plant_height,100.2
C0500203,1997-1998,thousand_kernel_weight,57
C0500203,1997-1998,thousand_kernel_weight,55.9
C0500204,1997-1998,days_to_heading,218
C0500204,1997-1998,days_to_heading,231
C0500204,1997-1998,days_to_heading,217
C0500204,1997-1998,plant_height,111.3
C0500204,1997-1998,plant_height,111
C0500204,1997-1998,plant_height,111.9
C0500204,1997-1998,plant_height,118
C0500204,1997-1998,thousand_kernel_weight,47.3
C0500204,1997-1998,thousand_kernel_weight,47
C0500204,1997-1998,thousand_kernel_weight,44.8
C0500207,1997-1998,days_to_heading,216
C0500207,1997-1998,days_to_heading,225
C0500207,1997-1998,plant_height,117.2
C0500207,1997-1998,plant_height,117
C0500207,1997-1998,plant_height,113.7
C0500207,1997-1998,thousand_kernel_weight,44
C0500207,1997-1998,thousand_kernel_weight,43.8
C0500208,1997-1998,days_to_heading,226
C0500208,1997-1998,days_to_heading,231
C0500208,1997-1998,plant_height,93.7
C0500208,1997-1998,plant_height,93
C0500208,1997-1998,plant_height,94.5
C0500208,1997-1998,thousand_kernel_weight,45.9
C0500208,1997-1998,thousand_kernel_weight,45
C0500208,1997-1998,thousand_kernel_weight,46.1
C0500209,1997-1998,days_to_heading,230
C0500209,1997-1998,days_to_heading,231
C0500209,1997-1998,plant_height,105
C0500209,1997-1998,plant_height,108.4
C0500209,1997-1998,thousand_kernel_weight,44.4
C0500209,1997-1998,thousand_kernel_weight,44
C0500209,1997-1998,thousand_kernel_weight,46.6
C0500210,1997-1998,days_to_heading,224
C0500210,1997-1998,days_to_heading,223
C0500210,1997-1998,plant_height,92
C0500210,1997-1998,plant_height,90.2
C0500210,1997-1998,thousand_kernel_weight,50.5
C0500210,1997-1998,thousand_kernel_weight,50
C0500210,1997-1998,thousand_kernel_weight,50.8
C0500211,1997-1998,days_to_heading,218
C0500211,1997-1998,days_to_heading,227
C0500211,1997-1998,plant_height,105.2
C0500211,1997-1998,plant_height,105
C0500211,1997-1998,plant_height,114
C0500211,1997-1998,thousand_kernel_weight,42.6
C0500211,1997-1998,thousand_kernel_weight,42
C0500212,1997-1998,days_to_heading,218
C0500212,1997-1998,days_to_heading,227
C0500212,1997-1998,days_to_heading,215
C0500212,1997-1998,days_to_heading,219
C0500212,1997-1998,plant_height,97.9
C0500212,1997-1998,plant_height,97
C0500212,1997-1998,plant_height,95.6
C0500212,1997-1998,plant_height,103.2
C0500212,1997-1998,plant_height,99.1
C0500212,1997-1998,thousand_kernel_weight,54.4
C0500212,1997-1998,thousand_kernel_weight,54
C0500212,1997-1998,thousand_kernel_weight,54.8
C0500212,1997-1998,thousand_kernel_weight,53.2
C0500212,1997-1998,thousand_kernel_weight,53.9
C0500214,1997-1998,days_to_heading,228
C0500214,1997-1998,days_to_heading,230
C0500214,1997-1998,plant_height,91.3
C0500214,1997-1998,plant_height,91
C0500214,1997-1998,plant_height,87.9
C0500214,1997-1998,thousand_kernel_weight,44.4
C0500214,1997-1998,thousand_kernel_weight,44
C0500214,1997-1998,thousand_kernel_weight,44.7
C0500216,1997-1998,days_to_heading,229
C0500216,1997-1998,days_to_heading,231
C0500216,1997-1998,plant_height,74
C0500216,1997-1998,plant_height,79.8
C0500216,1997-1998,thousand_kernel_weight,47.3
C0500216,1997-1998,thousand_kernel_weight,47
C0500216,1997-1998,thousand_kernel_weight,50.3
C0500217,1997-1998,days_to_heading,218
C0500217,1997-1998,days_to_heading,227
C0500217,1997-1998,plant_height,97
C0500217,1997-1998,plant_height,88.9
C0500217,1997-1998,plant_height,96.7
C0500217,1997-1998,thousand_kernel_weight,51.1
C0500217,1997-1998,thousand_kernel_weight,51
C0500217,1997-1998,thousand_kernel_weight,55.4
C0500217,1997-1998,thousand_kernel_weight,51.2
C0500218,1997-1998,days_to_heading,214
C0500218,1997-1998,days_to_heading,213
C0500218,1997-1998,plant_height,98.8
C0500218,1997-1998,plant_height,98
C0500218,1997-1998,plant_height,102.1
C0500218,1997-1998,thousand_kernel_weight,41
C0500218,1997-1998,thousand_kernel_weight,38.6
C0500219,1997-1998,days_to_heading,219
C0500219,1997-1998,days_to_heading,235
C0500219,1997-1998,plant_height,88.9
C0500219,1997-1998,plant_height,88
C0500219,1997-1998,plant_height,92.9
C0500219,1997-1998,thousand_kernel_weight,49.7
C0500219,1997-1998,thousand_kernel_weight,49
C0500219,1997-1998,thousand_kernel_weight,52.3
C0500220,1997-1998,days_to_heading,218
C0500220,1997-1998,days_to_heading,231
C0500220,1997-1998,plant_height,109.7
C0500220,1997-1998,plant_height,109
C0500220,1997-1998,plant_height,108
C0500220,1997-1998,plant_height,113.2
C0500220,1997-1998,thousand_kernel_weight,45.7
C0500220,1997-1998,thousand_kernel_weight,45
C0500220,1997-1998,thousand_kernel_weight,42
C0500221,1997-1998,days_to_heading,214
C0500221,1997-1998,days_to_heading,212
C0500221,1997-1998,plant_height,95.7
C0500221,1997-1998,plant_height,95
C0500221,1997-1998,plant_height,98.5
C0500221,1997-1998,thousand_kernel_weight,41.2
C0500221,1997-1998,thousand_kernel_weight,41
C0500221,1997-1998,thousand_kernel_weight,39.5
C0500222,1997-1998,days_to_heading,224
C0500222,1997-1998,days_to_heading,223
C0500222,1997-1998,plant_height,85
C0500222,1997-1998,plant_height,84.4
C0500222,1997-1998,thousand_kernel_weight,41
C0500223,1997-1998,days_to_heading,229
C0500223,1997-1998,days_to_heading,231
C0500223,1997-1998,plant_height,86.6
C0500223,1997-1998,plant_height,86
C0500223,1997-1998,plant_height,83.7
C0500223,1997-1998,thousand_kernel_weight,49.5
C0500223,1997-1998,thousand_kernel_weight,49
C0500223,1997-1998,thousand_kernel_weight,48
C0500224,1997-1998,days_to_heading,213
C0500224,1997-1998,days_to_heading,226
C0500224,1997-1998,days_to_heading,212
C0500224,1997-1998,plant_height,84.7
C0500224,1997-1998,plant_height,84
C0500224,1997-1998,plant_height,78.3
C0500224,1997-1998,plant_height,84.2
C0500224,1997-1998,thousand_kernel_weight,41.5
C0500224,1997-1998,thousand_kernel_weight,41
C0500224,1997-1998,thousand_kernel_weight,39.7
C0500224,1997-1998,thousand_kernel_weight,40.5
C0500225,1997-1998,days_to_heading,216
C0500225,1997-1998,days_to_heading,227
C0500225,1997-1998,plant_height,90.5
C0500225,1997-1998,plant_height,90
C0500225,1997-1998,plant_height,85.9
C0500225,1997-1998,plant_height,93.7
C0500225,1997-1998,thousand_kernel_weight,47.9
C0500225,1997-1998,thousand_kernel_weight,47
C0500225,1997-1998,thousand_kernel_weight,50.2
C0500225,1997-1998,thousand_kernel_weight,45.4
C0500226,1997-1998,days_to_heading,221
C0500226,1997-1998,days_to_heading,227
C0500226,1997-1998,days_to_heading,217
C0500226,1997-1998,plant_height,103.1
C0500226,1997-1998,plant_height,103
C0500226,1997-1998,plant_height,99.3
C0500226,1997-1998,plant_height,107.1
C0500226,1997-1998,thousand_kernel_weight,53.8
C0500226,1997-1998,thousand_kernel_weight,53
C0500226,1997-1998,thousand_kernel_weight,56.2
C0500226,1997-1998,thousand_kernel_weight,54.4
C0500229,1997-1998,days_to_heading,223
C0500229,1997-1998,days_to_heading,231
C0500229,1997-1998,days_to_heading,219
C0500229,1997-1998,plant_height,95.3
C0500229,1997-1998,plant_height,95
C0500229,1997-1998,plant_height,89.2
C0500229,1997-1998,plant_height,96.2
C0500229,1997-1998,thousand_kernel_weight,51.4
C0500229,1997-1998,thousand_kernel_weight,51
C0500229,1997-1998,thousand_kernel_weight,53.5
C0500231,1997-1998,days_to_heading,228
C0500231,1997-1998,days_to_heading,231
C0500231,1997-1998,plant_height,93.9
C0500231,1997-1998,plant_height,93
C0500231,1997-1998,plant_height,90.9
C0500231,1997-1998,thousand_kernel_weight,48.4
C0500231,1997-1998,thousand_kernel_weight,48
C0500231,1997-1998,thousand_kernel_weight,49.2
C0500233,1997-1998,days_to_heading,217
C0500233,1997-1998,plant_height,92.9
C0500233,1997-1998,plant_height,92
C0500233,1997-1998,plant_height,95.9
C0500233,1997-1998,thousand_kernel_weight,57.8
C0500233,1997-1998,thousand_kernel_weight,57
C0500235,1997-1998,days_to_heading,217
C0500235,1997-1998,plant_height,94
C0500235,1997-1998,plant_height,95
C0500235,1997-1998,thousand_kernel_weight,54.8
C0500235,1997-1998,thousand_kernel_weight,54
C0500235,1997-1998,thousand_kernel_weight,54.6
C0500236,1997-1998,days_to_heading,216
C0500236,1997-1998,days_to_heading,215
C0500236,1997-1998,plant_height,93.1
C0500236,1997-1998,plant_height,93
C0500236,1997-1998,plant_height,94.1
C0500236,1997-1998,thousand_kernel_weight,43
C0500236,1997-1998,thousand_kernel_weight,40.4
C0500237,1997-1998,days_to_heading,217
C0500237,1997-1998,days_to_heading,216
C0500237,1997-1998,plant_height,96.4
C0500237,1997-1998,plant_height,96
C0500237,1997-1998,plant_height,99.1
C0500237,1997-1998,thousand_kernel_weight,50.3
C0500237,1997-1998,thousand_kernel_weight,50
C0500237,1997-1998,thousand_kernel_weight,51.9
C0500250,1997-1998,days_to_heading,227
C0500250,1997-1998,days_to_heading,217
C0500250,1997-1998,plant_height,87.2
C0500250,1997-1998,plant_height,96.8
C0500250,1997-1998,thousand_kernel_weight,45.7
C0500250,1997-1998,thousand_kernel_weight,43.9
C0500251,1997-1998,days_to_heading,231
C0500251,1997-1998,days_to_heading,219
C0500251,1997-1998,plant_height,88.3
C0500251,1997-1998,plant_height,95.9
C0500251,1997-1998,thousand_kernel_weight,58.2
C0500251,1997-1998,thousand_kernel_weight,55.9
C0500252,1997-1998,days_to_heading,217
C0500252,1997-1998,days_to_heading,216
C0500252,1997-1998,plant_height,93
C0500252,1997-1998,plant_height,94.9
C0500252,1997-1998,thousand_kernel_weight,45.1
C0500252,1997-1998,thousand_kernel_weight,45
C0500252,1997-1998,thousand_kernel_weight,40.9
C0500254,1997-1998,days_to_heading,218
C0500254,1997-1998,days_to_heading,219
C0500254,1997-1998,plant_height,95.7
C0500254,1997-1998,plant_height,95
C0500254,1997-1998,plant_height,91.2
C0500254,1997-1998,thousand_kernel_weight,63
C0500254,1997-1998,thousand_kernel_weight,60.3
C0500255,1997-1998,days_to_heading,218
C0500255,1997-1998,days_to_heading,217
C0500255,1997-1998,plant_height,96.5
C0500255,1997-1998,plant_height,96
C0500255,1997-1998,plant_height,96.7
C0500255,1997-1998,thousand_kernel_weight,46.8
C0500255,1997-1998,thousand_kernel_weight,46
C0500255,1997-1998,thousand_kernel_weight,44.3
C0500289,1997-1998,days_to_heading,217
C0500289,1997-1998,plant_height,93
C0500289,1997-1998,plant_height,95.8
C0500289,1997-1998,thousand_kernel_weight,43.3
C0500289,1997-1998,thousand_kernel_weight,43
C0500289,1997-1998,thousand_kernel_weight,41.8
C0500292,1997-1998,days_to_heading,212
C0500292,1997-1998,days_to_heading,210
C0500292,1997-1998,plant_height,97.9
C0500292,1997-1998,plant_height,97
C0500292,1997-1998,plant_height,98.9
C0500292,1997-1998,thousand_kernel_weight,48.4
C0500292,1997-1998,thousand_kernel_weight,48
C0500292,1997-1998,thousand_kernel_weight,48.2
C0500293,1997-1998,days_to_heading,217
C0500293,1997-1998,plant_height,97
C0500293,1997-1998,plant_height,102.2
C0500293,1997-1998,plant_height,94.5
C0500293,1997-1998,thousand_kernel_weight,49.4
C0500293,1997-1998,thousand_kernel_weight,49
C0500293,1997-1998,thousand_kernel_weight,48.3
C0500294,1997-1998,days_to_heading,214
C0500294,1997-1998,days_to_heading,215
C0500294,1997-1998,plant_height,85.1
C0500294,1997-1998,plant_height,85
C0500294,1997-1998,plant_height,86
C0500294,1997-1998,thousand_kernel_weight,45.7
C0500294,1997-1998,thousand_kernel_weight,45
C0500294,1997-1998,thousand_kernel_weight,46.6
C0500295,1997-1998,days_to_heading,213
C0500295,1997-1998,days_to_heading,210
C0500295,1997-1998,plant_height,90.2
C0500295,1997-1998,plant_height,90
C0500295,1997-1998,plant_height,94.6
C0500295,1997-1998,thousand_kernel_weight,52.2
C0500295,1997-1998,thousand_kernel_weight,52
C0500295,1997-1998,thousand_kernel_weight,51.2
C0500296,1997-1998,days_to_heading,218
C0500296,1997-1998,plant_height,92.5
C0500296,1997-1998,plant_height,92
C0500296,1997-1998,plant_height,95.9
C0500296,1997-1998,thousand_kernel_weight,50.9
C0500296,1997-1998,thousand_kernel_weight,50
C0500296,1997-1998,thousand_kernel_weight,50.4
C0500297,1997-1998,days_to_heading,215
C0500297,1997-1998,days_to_heading,212
C0500297,1997-1998,days_to_heading,217
C0500297,1997-1998,plant_height,93
C0500297,1997-1998,plant_height,93.6
C0500297,1997-1998,plant_height,94
C0500297,1997-1998,thousand_kernel_weight,57
C0500297,1997-1998,thousand_kernel_weight,57.6
C0500297,1997-1998,thousand_kernel_weight,58.9
C0500298,1997-1998,days_to_heading,217
C0500298,1997-1998,plant_height,93.5
C0500298,1997-1998,plant_height,93
C0500298,1997-1998,plant_height,95.2
C0500298,1997-1998,thousand_kernel_weight,53
C0500298,1997-1998,thousand_kernel_weight,53.2
C0500299,1997-1998,days_to_heading,217
C0500299,1997-1998,plant_height,92.2
C0500299,1997-1998,plant_height,92
C0500299,1997-1998,plant_height,92.6
C0500299,1997-1998,thousand_kernel_weight,54.5
C0500299,1997-1998,thousand_kernel_weight,54
C0500299,1997-1998,thousand_kernel_weight,53.6
C0500301,1997-1998,days_to_heading,225
C0500301,1997-1998,plant_height,103.4
C0500301,1997-1998,plant_height,103
C0500301,1997-1998,thousand_kernel_weight,59
C0500302,1997-1998,days_to_heading,226
C0500302,1997-1998,days_to_heading,225
C0500302,1997-1998,plant_height,82.3
C0500302,1997-1998,plant_height,82
C0500302,1997-1998,plant_height,79.6
C0500302,1997-1998,thousand_kernel_weight,46.4
C0500302,1997-1998,thousand_kernel_weight,46
C0500302,1997-1998,thousand_kernel_weight,45.8
C0500308,1997-1998,days_to_heading,217
C0500308,1997-1998,days_to_heading,216
C0500308,1997-1998,plant_height,96.3
C0500308,1997-1998,plant_height,96
C0500308,1997-1998,plant_height,96.9
C0500308,1997-1998,thousand_kernel_weight,43.1
C0500308,1997-1998,thousand_kernel_weight,43
C0500308,1997-1998,thousand_kernel_weight,41.6
C0500309,1997-1998,days_to_heading,217
C0500309,1997-1998,plant_height,90.9
C0500309,1997-1998,plant_height,90
C0500309,1997-1998,plant_height,92.4
C0500309,1997-1998,plant_height,90.6
C0500309,1997-1998,thousand_kernel_weight,54.7
C0500309,1997-1998,thousand_kernel_weight,54
C0500309,1997-1998,thousand_kernel_weight,53.2
C0500309,1997-1998,thousand_kernel_weight,54.4
C0500310,1997-1998,days_to_heading,218
C0500310,1997-1998,days_to_heading,219
C0500310,1997-1998,plant_height,96.2
C0500310,1997-1998,plant_height,96
C0500310,1997-1998,plant_height,98.6
C0500310,1997-1998,thousand_kernel_weight,43.5
C0500310,1997-1998,thousand_kernel_weight,43
C0500311,1997-1998,days_to_heading,219
C0500311,1997-1998,days_to_heading,220
C0500311,1997-1998,plant_height,99
C0500311,1997-1998,plant_height,98.4
C0500311,1997-1998,thousand_kernel_weight,44.4
C0500311,1997-1998,thousand_kernel_weight,44
C0500311,1997-1998,thousand_kernel_weight,42.3
C0500312,1997-1998,days_to_heading,218
C0500312,1997-1998,days_to_heading,219
C0500312,1997-1998,plant_height,99.4
C0500312,1997-1998,plant_height,99
C0500312,1997-1998,plant_height,99.5
C0500312,1997-1998,thousand_kernel_weight,56.5
C0500312,1997-1998,thousand_kernel_weight,56
C0500312,1997-1998,thousand_kernel_weight,57.5
C0500313,1997-1998,days_to_heading,218
C0500313,1997-1998,days_to_heading,219
C0500313,1997-1998,plant_height,96
C0500313,1997-1998,plant_height,97.9
C0500313,1997-1998,thousand_kernel_weight,43.6
C0500313,1997-1998,thousand_kernel_weight,43
C0500313,1997-1998,thousand_kernel_weight,41.6
C0500314,1997-1998,days_to_heading,217
C0500314,1997-1998,days_to_heading,216
C0500314,1997-1998,plant_height,92.6
C0500314,1997-1998,plant_height,92
C0500314,1997-1998,plant_height,95.5
C0500314,1997-1998,thousand_kernel_weight,45.1
C0500314,1997-1998,thousand_kernel_weight,45
C0500314,1997-1998,thousand_kernel_weight,43.5
C0500315,1997-1998,days_to_heading,217
C0500315,1997-1998,plant_height,96.3
C0500315,1997-1998,plant_height,96
C0500315,1997-1998,plant_height,98.2
C0500315,1997-1998,thousand_kernel_weight,43.7
C0500315,1997-1998,thousand_kernel_weight,43
C0500315,1997-1998,thousand_kernel_weight,42.4
C0500316,1997-1998,days_to_heading,216
C0500316,1997-1998,days_to_heading,217
C0500316,1997-1998,plant_height,92.4
C0500316,1997-1998,plant_height,92
C0500316,1997-1998,plant_height,95.4
C0500316,1997-1998,thousand_kernel_weight,42.4
C0500316,1997-1998,thousand_kernel_weight,42
C0500316,1997-1998,thousand_kernel_weight,42.1
C0500317,1997-1998,days_to_heading,218
C0500317,1997-1998,days_to_heading,219
C0500317,1997-1998,plant_height,98.8
C0500317,1997-1998,plant_height,98
C0500317,1997-1998,plant_height,100.5
C0500317,1997-1998,thousand_kernel_weight,44.4
C0500317,1997-1998,thousand_kernel_weight,44
C0500317,1997-1998,thousand_kernel_weight,42.4
C0500318,1997-1998,days_to_heading,218
C0500318,1997-1998,days_to_heading,219
C0500318,1997-1998,plant_height,92.9
C0500318,1997-1998,plant_height,92
C0500318,1997-1998,plant_height,94.1
C0500318,1997-1998,thousand_kernel_weight,57.4
C0500318,1997-1998,thousand_kernel_weight,57
C0500318,1997-1998,thousand_kernel_weight,60.2
C0500320,1997-1998,days_to_heading,217
C0500320,1997-1998,days_to_heading,216
C0500320,1997-1998,plant_height,99.5
C0500320,1997-1998,plant_height,99
C0500320,1997-1998,plant_height,98.8
C0500320,1997-1998,thousand_kernel_weight,50.7
C0500320,1997-1998,thousand_kernel_weight,50
C0500320,1997-1998,thousand_kernel_weight,47
C0500321,1997-1998,days_to_heading,217
C0500321,1997-1998,days_to_heading,216
C0500321,1997-1998,plant_height,87.7
C0500321,1997-1998,plant_height,87
C0500321,1997-1998,plant_height,88.9
C0500321,1997-1998,thousand_kernel_weight,45.1
C0500321,1997-1998,thousand_kernel_weight,45
C0500321,1997-1998,thousand_kernel_weight,41.8
C0500322,1997-1998,days_to_heading,228
C0500322,1997-1998,days_to_heading,218
C0500322,1997-1998,days_to_heading,231
C0500322,1997-1998,days_to_heading,219
C0500322,1997-1998,plant_height,91.8
C0500322,1997-1998,plant_height,95.4
C0500322,1997-1998,plant_height,95
C0500322,1997-1998,plant_height,91
C0500322,1997-1998,plant_height,87.4
C0500322,1997-1998,plant_height,96.3
C0500322,1997-1998,thousand_kernel_weight,53.8
C0500322,1997-1998,thousand_kernel_weight,55.8
C0500322,1997-1998,thousand_kernel_weight,55
C0500322,1997-1998,thousand_kernel_weight,53
C0500322,1997-1998,thousand_kernel_weight,56.5
C0500322,1997-1998,thousand_kernel_weight,55.4
C0500323,1997-1998,days_to_heading,230
C0500323,1997-1998,plant_height,82.4
C0500323,1997-1998,plant_height,82
C0500323,1997-1998,thousand_kernel_weight,63.5
C0500323,1997-1998,thousand_kernel_weight,63
C0500324,1997-1998,days_to_heading,231
C0500324,1997-1998,plant_height,87
C0500324,1997-1998,thousand_kernel_weight,56
C0500327,1997-1998,days_to_heading,230
C0500327,1997-1998,plant_height,83.2
C0500327,1997-1998,plant_height,83
C0500327,1997-1998,thousand_kernel_weight,59.5
C0500327,1997-1998,thousand_kernel_weight,59
C0500329,1997-1998,days_to_heading,225
C0500329,1997-1998,thousand_kernel_weight,44.5
C0500329,1997-1998,thousand_kernel_weight,44
C0500336,1997-1998,days_to_heading,225
C0500336,1997-1998,plant_height,92.5
C0500336,1997-1998,plant_height,92
C0500336,1997-1998,thousand_kernel_weight,44.5
C0500336,1997-1998,thousand_kernel_weight,44
C0500338,1997-1998,days_to_heading,229
C0500338,1997-1998,plant_height,90.4
C0500338,1997-1998,plant_height,90
C0500338,1997-1998,thousand_kernel_weight,43.7
C0500338,1997-1998,thousand_kernel_weight,43
C0500339,1997-1998,days_to_heading,224
C0500339,1997-1998,plant_height,89.5
C0500339,1997-1998,plant_height,89
C0500339,1997-1998,thousand_kernel_weight,44.3
C0500339,1997-1998,thousand_kernel_weight,44
C0500340,1997-1998,days_to_heading,227
C0500340,1997-1998,plant_height,86.8
C0500340,1997-1998,plant_height,86
C0500340,1997-1998,thousand_kernel_weight,46.8
C0500340,1997-1998,thousand_kernel_weight,46
C0500422,1997-1998,days_to_heading,228
C0500422,1997-1998,days_to_heading,230
C0500422,1997-1998,plant_height,92.1
C0500422,1997-1998,plant_height,92
C0500422,1997-1998,plant_height,86.9
C0500422,1997-1998,thousand_kernel_weight,61.1
C0500422,1997-1998,thousand_kernel_weight,61
C0500146,1997-1998,plant_height,100.7
C0500146,1997-1998,plant_height,100
C0500163,1997-1998,plant_height,100.4
C0500163,1997-1998,plant_height,100
C0500164,1997-1998,plant_height,98.6
C0500164,1997-1998,plant_height,98
C0500164,1997-1998,thousand_kernel_weight,36.3
C0500164,1997-1998,thousand_kernel_weight,36
C0500177,1997-1998,plant_height,92.6
C0500177,1997-1998,plant_height,92
C0500177,1997-1998,thousand_kernel_weight,49.9
C0500177,1997-1998,thousand_kernel_weight,49
C0500198,1997-1998,plant_height,89.5
C0500198,1997-1998,plant_height,89
C0500198,1997-1998,thousand_kernel_weight,55.4
C0500198,1997-1998,thousand_kernel_weight,55
C0500256,1997-1998,plant_height,94.9
C0500256,1997-1998,plant_height,94
C0500256,1997-1998,thousand_kernel_weight,50.2
C0500256,1997-1998,thousand_kernel_weight,50
C0500257,1997-1998,plant_height,90.2
C0500257,1997-1998,plant_height,90
C0500257,1997-1998,thousand_kernel_weight,53.6
C0500257,1997-1998,thousand_kernel_weight,53
C0500258,1997-1998,plant_height,96.6
C0500258,1997-1998,plant_height,96
C0500258,1997-1998,thousand_kernel_weight,50.8
C0500258,1997-1998,thousand_kernel_weight,50
C0500259,1997-1998,plant_height,95.6
C0500259,1997-1998,plant_height,95
C0500259,1997-1998,thousand_kernel_weight,60.1
C0500259,1997-1998,thousand_kernel_weight,60
C0500260,1997-1998,plant_height,93.9
C0500260,1997-1998,plant_height,93
C0500260,1997-1998,thousand_kernel_weight,52.4
C0500260,1997-1998,thousand_kernel_weight,52
C0500261,1997-1998,plant_height,94.3
C0500261,1997-1998,plant_height,94
C0500261,1997-1998,thousand_kernel_weight,41.3
C0500261,1997-1998,thousand_kernel_weight,41
C0500262,1997-1998,plant_height,98.4
C0500262,1997-1998,plant_height,98
C0500262,1997-1998,thousand_kernel_weight,55.8
C0500262,1997-1998,thousand_kernel_weight,55
C0500263,1997-1998,plant_height,98.3
C0500263,1997-1998,plant_height,98
C0500264,1997-1998,plant_height,94.1
C0500264,1997-1998,plant_height,94
C0500264,1997-1998,thousand_kernel_weight,43.1
C0500264,1997-1998,thousand_kernel_weight,43
C0500265,1997-1998,plant_height,94.1
C0500265,1997-1998,plant_height,94
C0500265,1997-1998,thousand_kernel_weight,51.9
C0500265,1997-1998,thousand_kernel_weight,51
C0500267,1997-1998,plant_height,80.3
C0500267,1997-1998,plant_height,80
C0500267,1997-1998,thousand_kernel_weight,52.8
C0500267,1997-1998,thousand_kernel_weight,52
C0500268,1997-1998,plant_height,94.6
C0500268,1997-1998,plant_height,94
C0500268,1997-1998,thousand_kernel_weight,51.3
C0500268,1997-1998,thousand_kernel_weight,51
C0500270,1997-1998,plant_height,100.7
C0500270,1997-1998,plant_height,100
C0500270,1997-1998,thousand_kernel_weight,49.7
C0500270,1997-1998,thousand_kernel_weight,49
C0500271,1997-1998,plant_height,105.1
C0500271,1997-1998,plant_height,105
C0500271,1997-1998,thousand_kernel_weight,58.5
C0500271,1997-1998,thousand_kernel_weight,58
C0500272,1997-1998,plant_height,101.5
C0500272,1997-1998,plant_height,101
C0500272,1997-1998,thousand_kernel_weight,54
C0500273,1997-1998,plant_height,100.4
C0500273,1997-1998,plant_height,100
C0500274,1997-1998,plant_height,101.3
C0500274,1997-1998,plant_height,101
C0500274,1997-1998,thousand_kernel_weight,42.3
C0500274,1997-1998,thousand_kernel_weight,42
C0500275,1997-1998,plant_height,98.1
C0500275,1997-1998,plant_height,98
C0500276,1997-1998,plant_height,106.3
C0500276,1997-1998,plant_height,106
C0500276,1997-1998,thousand_kernel_weight,56.9
C0500276,1997-1998,thousand_kernel_weight,56
C0500277,1997-1998,plant_height,101.2
C0500277,1997-1998,plant_height,101
C0500277,1997-1998,thousand_kernel_weight,52.8
C0500277,1997-1998,thousand_kernel_weight,52
C0500278,1997-1998,plant_height,101.3
C0500278,1997-1998,plant_height,101
C0500278,1997-1998,thousand_kernel_weight,52.4
C0500278,1997-1998,thousand_kernel_weight,52
C0500279,1997-1998,plant_height,100.6
C0500279,1997-1998,plant_height,100
C0500279,1997-1998,thousand_kernel_weight,61.8
C0500279,1997-1998,thousand_kernel_weight,61
C0500282,1997-1998,plant_height,108.1
C0500282,1997-1998,plant_height,108
C0500282,1997-1998,thousand_kernel_weight,61.3
C0500282,1997-1998,thousand_kernel_weight,61
C0500283,1997-1998,plant_height,104.4
C0500283,1997-1998,plant_height,104
C0500284,1997-1998,plant_height,98.3
C0500284,1997-1998,plant_height,98
C0500284,1997-1998,thousand_kernel_weight,36.8
C0500284,1997-1998,thousand_kernel_weight,36
C0500285,1997-1998,plant_height,93.5
C0500285,1997-1998,plant_height,93
C0500285,1997-1998,thousand_kernel_weight,41.5
C0500285,1997-1998,thousand_kernel_weight,41
C0500286,1997-1998,plant_height,100.1
C0500286,1997-1998,plant_height,100
C0500286,1997-1998,thousand_kernel_weight,42.4
C0500286,1997-1998,thousand_kernel_weight,42
C0500287,1997-1998,plant_height,101.5
C0500287,1997-1998,plant_height,101
C0500287,1997-1998,thousand_kernel_weight,45.3
C0500287,1997-1998,thousand_kernel_weight,45
C0500305,1997-1998,plant_height,95.3
C0500305,1997-1998,plant_height,95
C0500305,1997-1998,thousand_kernel_weight,40.7
C0500305,1997-1998,thousand_kernel_weight,40
C0500306,1997-1998,plant_height,94.8
C0500306,1997-1998,plant_height,94
C0500306,1997-1998,thousand_kernel_weight,37.8
C0500306,1997-1998,thousand_kernel_weight,37
C0500307,1997-1998,plant_height,96.8
C0500307,1997-1998,plant_height,96
C0500307,1997-1998,thousand_kernel_weight,42.4
C0500307,1997-1998,thousand_kernel_weight,42
C0500319,1997-1998,plant_height,81.2
C0500319,1997-1998,plant_height,81
C0500319,1997-1998,plant_height,76.4
C0500319,1997-1998,plant_height,79.9
C0500319,1997-1998,thousand_kernel_weight,47
C0500319,1997-1998,thousand_kernel_weight,48.7
C0500325,1997-1998,plant_height,86.7
C0500325,1997-1998,plant_height,86
C0500325,1997-1998,thousand_kernel_weight,65.1
C0500325,1997-1998,thousand_kernel_weight,65
C0500328,1997-1998,plant_height,81.9
C0500328,1997-1998,plant_height,81
C0500328,1997-1998,thousand_kernel_weight,56.3
C0500328,1997-1998,thousand_kernel_weight,56
C0500330,1997-1998,plant_height,82.9
C0500330,1997-1998,plant_height,82
C0500330,1997-1998,thousand_kernel_weight,43.4
C0500330,1997-1998,thousand_kernel_weight,43
C0500331,1997-1998,plant_height,81.8
C0500331,1997-1998,plant_height,81
C0500331,1997-1998,thousand_kernel_weight,45.3
C0500331,1997-1998,thousand_kernel_weight,45
C0500332,1997-1998,plant_height,77.8
C0500332,1997-1998,plant_height,77
C0500332,1997-1998,thousand_kernel_weight,43.5
C0500332,1997-1998,thousand_kernel_weight,43
C0500334,1997-1998,plant_height,89.3
C0500334,1997-1998,plant_height,89
C0500334,1997-1998,thousand_kernel_weight,53.4
C0500334,1997-1998,thousand_kernel_weight,53
C0500335,1997-1998,plant_height,82.8
C0500335,1997-1998,plant_height,82
C0500335,1997-1998,thousand_kernel_weight,48.4
C0500335,1997-1998,thousand_kernel_weight,48
C0500266,1997-1998,thousand_kernel_weight,42.1
C0500266,1997-1998,thousand_kernel_weight,42
C0500280,1997-1998,thousand_kernel_weight,43.3
C0500280,1997-1998,thousand_kernel_weight,43
C0500281,1997-1998,thousand_kernel_weight,41.3
C0500281,1997-1998,thousand_kernel_weight,41
C0500288,1997-1998,thousand_kernel_weight,40.6
C0500288,1997-1998,thousand_kernel_weight,40
C0500304,1997-1998,thousand_kernel_weight,40.7
C0500304,1997-1998,thousand_kernel_weight,40
C0500001,1999-2000,days_to_heading,213
C0500001,1999-2000,plant_height,86
C0500002,1999-2000,days_to_heading,223
C0500002,1999-2000,plant_height,70
C0500002,1999-2000,thousand_kernel_weight,39.8
C0500007,1999-2000,days_to_heading,230
C0500007,1999-2000,thousand_kernel_weight,43.2
C0500008,1999-2000,days_to_heading,226
C0500008,1999-2000,plant_height,78
C0500008,1999-2000,thousand_kernel_weight,40.6
C0500011,1999-2000,days_to_heading,226
C0500011,1999-2000,thousand_kernel_weight,37
C0500013,1999-2000,days_to_heading,224
C0500013,1999-2000,thousand_kernel_weight,37.2
C0500014,1999-2000,days_to_heading,223
C0500014,1999-2000,plant_height,87
C0500014,1999-2000,thousand_kernel_weight,37.4
C0500015,1999-2000,days_to_heading,226
C0500015,1999-2000,thousand_kernel_weight,40.2
C0500017,1999-2000,days_to_heading,227
C0500017,1999-2000,thousand_kernel_weight,38.8
C0500018,1999-2000,days_to_heading,225
C0500018,1999-2000,thousand_kernel_weight,39.9
C0500020,1999-2000,days_to_heading,223
C0500020,1999-2000,plant_height,82
C0500020,1999-2000,thousand_kernel_weight,39.9
C0500022,1999-2000,days_to_heading,223
C0500022,1999-2000,plant_height,78
C0500022,1999-2000,thousand_kernel_weight,40.7
C0500023,1999-2000,days_to_heading,220
C0500023,1999-2000,plant_height,81
C0500023,1999-2000,thousand_kernel_weight,40.4
C0500065,1999-2000,days_to_heading,225
C0500065,1999-2000,plant_height,77
C0500084,1999-2000,days_to_heading,213
C0500084,1999-2000,thousand_kernel_weight,44.2
C0500095,1999-2000,thousand_kernel_weight,38.8
C0500097,1999-2000,days_to_heading,210
C0500097,1999-2000,thousand_kernel_weight,43.5
C0500101,1999-2000,days_to_heading,220
C0500101,1999-2000,days_to_heading,227
C0500101,1999-2000,days_to_heading,210
C0500101,1999-2000,plant_height,70
C0500101,1999-2000,plant_height,85
C0500101,1999-2000,thousand_kernel_weight,40.8
C0500139,1999-2000,days_to_heading,227
C0500139,1999-2000,days_to_heading,228
C0500139,1999-2000,days_to_heading,213
C0500139,1999-2000,plant_height,71
C0500139,1999-2000,thousand_kernel_weight,40.4
C0500158,1999-2000,days_to_heading,226
C0500158,1999-2000,plant_height,87.5
C0500180,1999-2000,days_to_heading,222
C0500180,1999-2000,plant_height,90.5
C0500195,1999-2000,days_to_heading,227
C0500195,1999-2000,days_to_heading,213
C0500195,1999-2000,plant_height,73
C0500195,1999-2000,thousand_kernel_weight,48.1
C0500203,1999-2000,days_to_heading,223
C0500203,1999-2000,plant_height,84
C0500203,1999-2000,thousand_kernel_weight,49.8
C0500204,1999-2000,days_to_heading,228
C0500204,1999-2000,plant_height,97
C0500204,1999-2000,thousand_kernel_weight,41.4
C0500210,1999-2000,days_to_heading,219
C0500210,1999-2000,plant_height,79
C0500211,1999-2000,days_to_heading,223
C0500211,1999-2000,thousand_kernel_weight,36.8
C0500212,1999-2000,days_to_heading,222
C0500212,1999-2000,plant_height,80
C0500212,1999-2000,thousand_kernel_weight,51.1
C0500216,1999-2000,thousand_kernel_weight,46.2
C0500217,1999-2000,days_to_heading,220
C0500217,1999-2000,plant_height,84
C0500217,1999-2000,thousand_kernel_weight,47.3
C0500218,1999-2000,days_to_heading,217
C0500218,1999-2000,plant_height,92
C0500219,1999-2000,days_to_heading,230
C0500219,1999-2000,plant_height,68
C0500219,1999-2000,thousand_kernel_weight,46.6
C0500221,1999-2000,days_to_heading,219
C0500221,1999-2000,plant_height,90
C0500221,1999-2000,thousand_kernel_weight,36.5
C0500224,1999-2000,days_to_heading,219
C0500224,1999-2000,plant_height,69
C0500224,1999-2000,thousand_kernel_weight,39.4
C0500225,1999-2000,days_to_heading,223
C0500225,1999-2000,plant_height,73
C0500225,1999-2000,thousand_kernel_weight,44.7
C0500226,1999-2000,days_to_heading,224
C0500226,1999-2000,plant_height,82
C0500226,1999-2000,thousand_kernel_weight,52.8
C0500229,1999-2000,days_to_heading,224
C0500229,1999-2000,plant_height,84
C0500229,1999-2000,thousand_kernel_weight,47.3
C0500233,1999-2000,days_to_heading,224
C0500233,1999-2000,thousand_kernel_weight,51.2
C0500235,1999-2000,days_to_heading,222
C0500235,1999-2000,thousand_kernel_weight,47.6
C0500236,1999-2000,days_to_heading,223
C0500236,1999-2000,plant_height,75
C0500236,1999-2000,thousand_kernel_weight,37.9
C0500250,1999-2000,days_to_heading,223
C0500250,1999-2000,days_to_heading,226
C0500250,1999-2000,days_to_heading,210
C0500250,1999-2000,plant_height,76
C0500250,1999-2000,plant_height,73.5
C0500250,1999-2000,plant_height,85
C0500250,1999-2000,thousand_kernel_weight,42.7
C0500251,1999-2000,days_to_heading,227
C0500251,1999-2000,days_to_heading,228
C0500251,1999-2000,days_to_heading,213
C0500294,1999-2000,days_to_heading,219
C0500294,1999-2000,plant_height,71
C0500294,1999-2000,thousand_kernel_weight,41.4
C0500295,1999-2000,days_to_heading,219
C0500295,1999-2000,plant_height,74
C0500295,1999-2000,thousand_kernel_weight,51.1
C0500296,1999-2000,days_to_heading,224
C0500296,1999-2000,plant_height,76
C0500296,1999-2000,thousand_kernel_weight,46
C0500297,1999-2000,days_to_heading,223
C0500297,1999-2000,plant_height,74
C0500297,1999-2000,thousand_kernel_weight,51.1
C0500298,1999-2000,days_to_heading,226
C0500298,1999-2000,thousand_kernel_weight,47.3
C0500299,1999-2000,days_to_heading,225
C0500299,1999-2000,plant_height,75
C0500299,1999-2000,thousand_kernel_weight,50.5
C0500302,1999-2000,days_to_heading,210
C0500302,1999-2000,thousand_kernel_weight,43.4
C0500308,1999-2000,days_to_heading,225
C0500308,1999-2000,thousand_kernel_weight,42.7
C0500309,1999-2000,days_to_heading,225
C0500309,1999-2000,plant_height,71
C0500309,1999-2000,thousand_kernel_weight,48
C0500314,1999-2000,days_to_heading,221
C0500314,1999-2000,thousand_kernel_weight,39.9
C0500315,1999-2000,days_to_heading,222
C0500315,1999-2000,plant_height,77
C0500315,1999-2000,thousand_kernel_weight,38.2
C0500316,1999-2000,days_to_heading,223
C0500316,1999-2000,plant_height,73
C0500316,1999-2000,thousand_kernel_weight,36.5
C0500317,1999-2000,days_to_heading,223
C0500317,1999-2000,plant_height,82
C0500317,1999-2000,thousand_kernel_weight,39
C0500320,1999-2000,days_to_heading,226
C0500320,1999-2000,thousand_kernel_weight,45.1
C0500321,1999-2000,days_to_heading,223
C0500321,1999-2000,thousand_kernel_weight,42.2
C0500322,1999-2000,days_to_heading,213
C0500322,1999-2000,plant_height,84.5
C0500322,1999-2000,thousand_kernel_weight,53.8
C0500323,1999-2000,days_to_heading,208
C0500323,1999-2000,thousand_kernel_weight,57.4
C0500324,1999-2000,days_to_heading,210
C0500324,1999-2000,plant_height,83.5
C0500324,1999-2000,thousand_kernel_weight,52.4
C0500327,1999-2000,days_to_heading,213
C0500329,1999-2000,days_to_heading,213
C0500336,1999-2000,days_to_heading,203
C0500336,1999-2000,thousand_kernel_weight,43.6
C0500338,1999-2000,days_to_heading,210
C0500338,1999-2000,plant_height,87
C0500339,1999-2000,days_to_heading,206
C0500340,1999-2000,days_to_heading,208
C0500340,1999-2000,plant_height,81.5
C0500422,1999-2000,days_to_heading,213
C0500422,1999-2000,thousand_kernel_weight,59.3
C0500328,1999-2000,thousand_kernel_weight,54.7
C0500332,1999-2000,thousand_kernel_weight,42.2
C0500170,2001-2002,plant_height,100.5
C0500170,2001-2002,thousand_kernel_weight,42.8
C0500296,2001-2002,plant_height,98
C0500310,2001-2002,plant_height,98
C0500311,2001-2002,plant_height,91
C0500316,2001-2002,plant_height,95
C0500317,2001-2002,plant_height,95
C0500320,2001-2002,plant_height,98
C0500413,2001-2002,plant_height,95
C0500413,2001-2002,thousand_kernel_weight,46.6
C0500416,2001-2002,plant_height,95
C0500416,2001-2002,thousand_kernel_weight,45.1
C0500444,2003-2004,plant_height,30.2
C0500444,2003-2004,plant_height,30
C0500001,2004-2005,plant_height,96
C0500001,2004-2005,thousand_kernel_weight,53.2
C0500185,2004-2005,plant_height,89
C0500185,2004-2005,thousand_kernel_weight,57.4
C0500250,2004-2005,plant_height,96
C0500082,2004-2005,plant_height,99
C0500234,2004-2005,plant_height,98
C0500234,2004-2005,thousand_kernel_weight,58
C0500261,2004-2005,plant_height,99
C0500261,2004-2005,thousand_kernel_weight,48
C0500271,2004-2005,plant_height,103
C0500272,2004-2005,plant_height,92
C0500272,2004-2005,thousand_kernel_weight,55
C0500273,2004-2005,plant_height,96
C0500435,2004-2005,plant_height,89
C0500435,2004-2005,thousand_kernel_weight,54
C0500436,2004-2005,plant_height,73
C0500436,2004-2005,thousand_kernel_weight,57.3
C0500437,2004-2005,plant_height,96
C0500437,2004-2005,thousand_kernel_weight,51.1
C0500475,2004-2005,plant_height,62
C0500476,2004-2005,plant_height,64.5
C0500251,2005-2006,plant_height,97
C0500293,2005-2006,plant_height,94
C0500475,2007-2008,plant_height,93
C0500476,2007-2008,plant_height,95
C0500539,2009-2010,plant_height,95
C0500540,2009-2010,thousand_kernel_weight,56.1
C0500542,2009-2010,plant_height,92
C0500542,2009-2010,thousand_kernel_weight,58.3
C0500544,2009-2010,plant_height,104.4
C0500544,2009-2010,thousand_kernel_weight,57.6
C0500545,2009-2010,thousand_kernel_weight,51.7
C0500546,2009-2010,plant_height,99.66
C0500547,2009-2010,plant_height,94.33
C0500547,2009-2010,thousand_kernel_weight,54.1
C0500548,2009-2010,plant_height,97
C0500548,2009-2010,thousand_kernel_weight,58.3
C0500549,2009-2010,plant_height,97.66
C0500549,2009-2010,thousand_kernel_weight,54
C0500550,2009-2010,thousand_kernel_weight,51.1
C0500551,2009-2010,thousand_kernel_weight,47.4
C0500552,2009-2010,plant_height,90.66
C0500552,2009-2010,thousand_kernel_weight,50
C0500553,2009-2010,thousand_kernel_weight,52.3
C0500554,2009-2010,thousand_kernel_weight,56.8
C0500556,2009-2010,plant_height,106.67
C0500250,2010-2011,plant_height,87
C0500250,2010-2011,plant_height,89.66
C0500250,2010-2011,thousand_kernel_weight,57.8
C0500250,2010-2011,thousand_kernel_weight,57.5
C0500440,2010-2011,plant_height,86
C0500440,2010-2011,thousand_kernel_weight,58.8
C0500440,2010-2011,thousand_kernel_weight,58.6
C0500500,2010-2011,plant_height,89.33
C0500500,2010-2011,plant_height,86
C0500500,2010-2011,thousand_kernel_weight,59.1
C0500500,2010-2011,thousand_kernel_weight,58.5
C0500539,2010-2011,plant_height,87
C0500539,2010-2011,thousand_kernel_weight,59
C0500539,2010-2011,thousand_kernel_weight,58.7
C0500540,2010-2011,plant_height,71
C0500540,2010-2011,plant_height,74
C0500540,2010-2011,thousand_kernel_weight,58.7
C0500540,2010-2011,thousand_kernel_weight,58.2
C0500541,2010-2011,plant_height,83.6
C0500541,2010-2011,plant_height,81
C0500541,2010-2011,thousand_kernel_weight,54.6
C0500541,2010-2011,thousand_kernel_weight,53.9
C0500542,2010-2011,plant_height,74
C0500542,2010-2011,plant_height,82.66
C0500542,2010-2011,thousand_kernel_weight,60
C0500542,2010-2011,thousand_kernel_weight,58.8
C0500543,2010-2011,plant_height,99
C0500543,2010-2011,thousand_kernel_weight,54.2
C0500543,2010-2011,thousand_kernel_weight,53.7
C0500544,2010-2011,plant_height,101
C0500544,2010-2011,plant_height,92
C0500544,2010-2011,thousand_kernel_weight,60
C0500544,2010-2011,thousand_kernel_weight,57.9
C0500545,2010-2011,plant_height,91.66
C0500545,2010-2011,plant_height,77.66
C0500545,2010-2011,thousand_kernel_weight,55.3
C0500545,2010-2011,thousand_kernel_weight,54.6
C0500546,2010-2011,plant_height,97.33
C0500546,2010-2011,plant_height,84.66
C0500546,2010-2011,thousand_kernel_weight,52.5
C0500546,2010-2011,thousand_kernel_weight,53
C0500547,2010-2011,plant_height,91.33
C0500547,2010-2011,plant_height,88
C0500547,2010-2011,thousand_kernel_weight,55
C0500547,2010-2011,thousand_kernel_weight,54.6
C0500548,2010-2011,plant_height,98.6
C0500548,2010-2011,plant_height,88.66
C0500548,2010-2011,thousand_kernel_weight,59.7
C0500548,2010-2011,thousand_kernel_weight,58.7
C0500549,2010-2011,plant_height,86
C0500549,2010-2011,thousand_kernel_weight,50.8
C0500549,2010-2011,thousand_kernel_weight,51
C0500550,2010-2011,plant_height,85.33
C0500550,2010-2011,plant_height,83.66
C0500550,2010-2011,thousand_kernel_weight,52.6
C0500550,2010-2011,thousand_kernel_weight,52.8
C0500551,2010-2011,plant_height,96.33
C0500551,2010-2011,plant_height,87.66
C0500551,2010-2011,thousand_kernel_weight,50.1
C0500551,2010-2011,thousand_kernel_weight,51.3
C0500552,2010-2011,plant_height,82
C0500552,2010-2011,plant_height,73.66
C0500552,2010-2011,thousand_kernel_weight,55
C0500552,2010-2011,thousand_kernel_weight,54.6
C0500553,2010-2011,plant_height,93.66
C0500553,2010-2011,plant_height,79.66
C0500553,2010-2011,thousand_kernel_weight,55.3
C0500553,2010-2011,thousand_kernel_weight,55.1
C0500554,2010-2011,plant_height,88.33
C0500554,2010-2011,thousand_kernel_weight,55
C0500554,2010-2011,thousand_kernel_weight,53.9
C0500556,2010-2011,plant_height,90.6
C0500556,2010-2011,plant_height,102.66
C0500557,2010-2011,plant_height,107.4
C0500557,2010-2011,plant_height,105.33
C0500558,2010-2011,plant_height,110.8
C0500558,2010-2011,plant_height,106.66
C0500559,2010-2011,plant_height,114.6
C0500559,2010-2011,plant_height,106
C0500593,2010-2011,plant_height,88.33
C0500593,2010-2011,thousand_kernel_weight,53.8
C0500593,2010-2011,thousand_kernel_weight,54
C0500594,2010-2011,plant_height,80.33
C0500594,2010-2011,thousand_kernel_weight,59.2
C0500594,2010-2011,thousand_kernel_weight,58.3
C0500595,2010-2011,plant_height,88.6
C0500595,2010-2011,plant_height,78
C0500595,2010-2011,thousand_kernel_weight,53.4
C0500595,2010-2011,thousand_kernel_weight,54
C0500250,2011-2012,plant_height,83
C0500250,2011-2012,thousand_kernel_weight,56.1
C0500250,2011-2012,thousand_kernel_weight,54.8
C0500435,2011-2012,plant_height,69.6666666666667
C0500435,2011-2012,thousand_kernel_weight,53.6
C0500436,2011-2012,plant_height,65.3333333333333
C0500436,2011-2012,thousand_kernel_weight,58.5
C0500437,2011-2012,plant_height,76.6666666666667
C0500437,2011-2012,thousand_kernel_weight,53.2
C0500440,2011-2012,plant_height,80.33
C0500440,2011-2012,plant_height,75.66
C0500440,2011-2012,thousand_kernel_weight,60.9
C0500500,2011-2012,plant_height,77.33
C0500500,2011-2012,plant_height,77
C0500500,2011-2012,thousand_kernel_weight,58.8
C0500500,2011-2012,thousand_kernel_weight,56.7
C0500539,2011-2012,plant_height,86.66
C0500539,2011-2012,plant_height,85
C0500539,2011-2012,thousand_kernel_weight,56.2
C0500539,2011-2012,thousand_kernel_weight,55.1
C0500540,2011-2012,plant_height,75.33
C0500540,2011-2012,thousand_kernel_weight,57.1
C0500540,2011-2012,thousand_kernel_weight,56.3
C0500541,2011-2012,plant_height,84
C0500541,2011-2012,thousand_kernel_weight,53.9
C0500541,2011-2012,thousand_kernel_weight,52.8
C0500542,2011-2012,plant_height,83.66
C0500542,2011-2012,plant_height,74.33
C0500542,2011-2012,thousand_kernel_weight,55.6
C0500542,2011-2012,thousand_kernel_weight,54.5
C0500543,2011-2012,plant_height,91.66
C0500543,2011-2012,plant_height,88.33
C0500543,2011-2012,thousand_kernel_weight,56.1
C0500543,2011-2012,thousand_kernel_weight,55.7
C0500544,2011-2012,plant_height,94.66
C0500544,2011-2012,plant_height,85.33
C0500544,2011-2012,thousand_kernel_weight,57.3
C0500545,2011-2012,plant_height,74.66
C0500545,2011-2012,plant_height,80.33
C0500545,2011-2012,thousand_kernel_weight,53.1
C0500545,2011-2012,thousand_kernel_weight,52.8
C0500546,2011-2012,plant_height,95
C0500546,2011-2012,plant_height,86.66
C0500546,2011-2012,thousand_kernel_weight,55
C0500546,2011-2012,thousand_kernel_weight,54.9
C0500547,2011-2012,plant_height,75.66
C0500547,2011-2012,plant_height,86.66
C0500547,2011-2012,thousand_kernel_weight,55.6
C0500547,2011-2012,thousand_kernel_weight,54.6
C0500548,2011-2012,plant_height,93.33
C0500548,2011-2012,plant_height,83
C0500548,2011-2012,thousand_kernel_weight,57.3
C0500548,2011-2012,thousand_kernel_weight,55.9
C0500549,2011-2012,plant_height,90
C0500549,2011-2012,plant_height,85
C0500549,2011-2012,thousand_kernel_weight,51
C0500549,2011-2012,thousand_kernel_weight,50.9
C0500550,2011-2012,plant_height,84
C0500550,2011-2012,plant_height,80.33
C0500551,2011-2012,plant_height,94.33
C0500551,2011-2012,plant_height,94
C0500551,2011-2012,thousand_kernel_weight,52.7
C0500551,2011-2012,thousand_kernel_weight,51.8
C0500552,2011-2012,plant_height,73.66
C0500552,2011-2012,plant_height,80.33
C0500552,2011-2012,thousand_kernel_weight,51.8
C0500552,2011-2012,thousand_kernel_weight,50.9
C0500553,2011-2012,plant_height,85.66
C0500553,2011-2012,plant_height,81.66
C0500553,2011-2012,thousand_kernel_weight,57.2
C0500553,2011-2012,thousand_kernel_weight,56.8
C0500554,2011-2012,plant_height,75.33
C0500554,2011-2012,plant_height,76
C0500569,2011-2012,plant_height,80.6666666666667
C0500569,2011-2012,thousand_kernel_weight,51.6
C0500571,2011-2012,plant_height,76.3333333333333
C0500571,2011-2012,thousand_kernel_weight,54.6
C0500572,2011-2012,plant_height,93.3333333333333
C0500572,2011-2012,thousand_kernel_weight,54
C0500573,2011-2012,plant_height,65.6666666666667
C0500573,2011-2012,thousand_kernel_weight,53.4
C0500574,2011-2012,plant_height,76.3333333333333
C0500584,2011-2012,plant_height,70.3333333333333
C0500584,2011-2012,thousand_kernel_weight,54.1
C0500585,2011-2012,plant_height,74.6666666666667
C0500585,2011-2012,thousand_kernel_weight,54.1
C0500586,2011-2012,plant_height,65
C0500588,2011-2012,plant_height,73.6666666666667
C0500589,2011-2012,plant_height,61.6666666666667
C0500589,2011-2012,thousand_kernel_weight,57.3
C0500590,2011-2012,plant_height,66.6666666666667
C0500591,2011-2012,plant_height,63.3333333333333
C0500591,2011-2012,thousand_kernel_weight,54.3
C0500592,2011-2012,plant_height,61.3333333333333
C0500592,2011-2012,thousand_kernel_weight,55.2
C0500593,2011-2012,plant_height,86.33
C0500593,2011-2012,plant_height,74
C0500594,2011-2012,plant_height,84.66
C0500594,2011-2012,plant_height,77.33
C0500594,2011-2012,thousand_kernel_weight,57.2
C0500594,2011-2012,thousand_kernel_weight,54.7
C0500595,2011-2012,plant_height,74
C0500595,2011-2012,plant_height,76
C0500595,2011-2012,thousand_kernel_weight,56
C0500250,2013-2014,plant_height,118.333333333333
C0500250,2013-2014,thousand_kernel_weight,43.06
C0500435,2013-2014,plant_height,107.666666666667
C0500435,2013-2014,thousand_kernel_weight,46
C0500569,2013-2014,plant_height,121.666666666667
C0500569,2013-2014,thousand_kernel_weight,40.19
C0500571,2013-2014,plant_height,117
C0500571,2013-2014,thousand_kernel_weight,43.18
C0500572,2013-2014,plant_height,117.333333333333
C0500572,2013-2014,thousand_kernel_weight,49
C0500573,2013-2014,plant_height,93.3333333333333
C0500573,2013-2014,thousand_kernel_weight,42.19
C0500574,2013-2014,plant_height,110
C0500574,2013-2014,thousand_kernel_weight,45
C0500584,2013-2014,plant_height,110
C0500585,2013-2014,plant_height,111.666666666667
C0500585,2013-2014,thousand_kernel_weight,43.42
C0500586,2013-2014,plant_height,114
C0500586,2013-2014,thousand_kernel_weight,43.21
C0500588,2013-2014,plant_height,122.666666666667
C0500588,2013-2014,thousand_kernel_weight,41.1
C0500589,2013-2014,plant_height,117
C0500589,2013-2014,thousand_kernel_weight,48.18
C0500590,2013-2014,plant_height,118.666666666667
C0500590,2013-2014,thousand_kernel_weight,48.1
C0500591,2013-2014,plant_height,113.333333333333
C0500591,2013-2014,thousand_kernel_weight,43.17
C0500592,2013-2014,plant_height,112
C0500592,2013-2014,thousand_kernel_weight,46
C0500566,2013-2014,thousand_kernel_weight,39.9
C0500568,2013-2014,thousand_kernel_weight,41.22
C0500570,2013-2014,thousand_kernel_weight,44.1
C0500233,1971-1974,thousand_kernel_weight,47.88
C0500027,1971-1974,thousand_kernel_weight,44.68
C0500250,2012-2013,thousand_kernel_weight,59.1
C0500250,2012-2013,thousand_kernel_weight,59.3
C0500435,2012-2013,thousand_kernel_weight,59
C0500435,2012-2013,thousand_kernel_weight,58.6
C0500569,2012-2013,thousand_kernel_weight,52
C0500569,2012-2013,thousand_kernel_weight,53.1
C0500571,2012-2013,thousand_kernel_weight,56.1
C0500571,2012-2013,thousand_kernel_weight,55.7
C0500572,2012-2013,thousand_kernel_weight,59.7
C0500572,2012-2013,thousand_kernel_weight,58.5
C0500573,2012-2013,thousand_kernel_weight,54.8
C0500573,2012-2013,thousand_kernel_weight,55
C0500574,2012-2013,thousand_kernel_weight,59.5
C0500574,2012-2013,thousand_kernel_weight,58.9
C0500584,2012-2013,thousand_kernel_weight,60
C0500584,2012-2013,thousand_kernel_weight,59.2
C0500585,2012-2013,thousand_kernel_weight,60.8
C0500585,2012-2013,thousand_kernel_weight,60.6
C0500586,2012-2013,thousand_kernel_weight,57.2
C0500586,2012-2013,thousand_kernel_weight,58
C0500588,2012-2013,thousand_kernel_weight,57.9
C0500588,2012-2013,thousand_kernel_weight,58.4
C0500589,2012-2013,thousand_kernel_weight,59.3
C0500589,2012-2013,thousand_kernel_weight,57.2
C0500590,2012-2013,thousand_kernel_weight,59.8
C0500590,2012-2013,thousand_kernel_weight,59.6
C0500591,2012-2013,thousand_kernel_weight,59.7
C0500591,2012-2013,thousand_kernel_weight,59.1
C0500592,2012-2013,thousand_kernel_weight,62
C0500592,2012-2013,thousand_kernel_weight,61.3
C0500566,2012-2013,thousand_kernel_weight,51.8
C0500566,2012-2013,thousand_kernel_weight,51.3
C0500568,2012-2013,thousand_kernel_weight,54
C0500568,2012-2013,thousand_kernel_weight,53.9
C0500570,2012-2013,thousand_kernel_weight,55.3
C0500570,2012-2013,thousand_kernel_weight,54.6
